연번,관할,기관명칭,소재지(도로명주소),세부위치
1,중구,중구보건소,"인천광역시 중구 참외전로72번길 21(전동, 중구보건소)",보건소 내 1층
2,중구,국제도시보건과,인천광역시 중구 운남서로 100-1,국제도시보건과 내
3,중구,용유보건지소,인천광역시 중구 마시란로 308-13,보건지소 내
4,중구,무의보건진료소,인천광역시 중구 대무의로 310-11(무의동 246-7),보건진료소 내
5,중구,중구1청사 민원지적과,인천광역시 중구 신포로27번길 80,민원지적과 내
6,중구,신흥동 행정복지센터,인천광역시 중구 제물량로80번길 3-14,센터 내
7,중구,도원동 행정복지센터,인천광역시 중구 도원로 42,센터 내
8,중구,율목동 행정복지센터,인천광역시 중구 서해대로483번길 3,센터 내
9,중구,동인천동 행정복지센터,인천광역시 중구 참외전로72번길 25,센터 내
10,중구,개항동 행정복지센터,인천광역시 중구 차이나타운로44번길 13-2,센터 내
11,중구,운서동 행정복지센터,인천광역시 중구 흰바위로27번길 10,센터 외부
12,중구,영종1동 행정복지센터,인천광역시 중구 하늘달빛로 120,센터 외부
13,중구,영종2동 행정복지센터,인천 중구 은하수로 160 ,센터 내
14,중구,신포동 행정복지센터,인천광역시 중구 제물량로 168,센터 내
15,중구,연안동 행정복지센터,인천광역시 중구 축항대로86번길 44,센터 내
16,중구,W-store 스타약국,"인천광역시 중구 공항로 272 (운서동, 인천국제공항여객터미널 3층)",약국
17,중구,건강한21세기약국,인천광역시 중구 우현로 47 (신포동),약국
18,중구,경기약국,인천광역시 중구 답동로30번길 3 (경동),약국
19,중구,금강약국,인천광역시 중구 인항로 34 (신흥동3가),약국
20,중구,길메디칼약국,인천광역시 중구 큰우물로 22-1 (용동),약국
21,중구,달빛약국,"인천광역시 중구 하늘달빛로 76, 동명프라자 104호 (중산동)",약국
22,중구,대경약국,인천광역시 중구 인중로26번길 21 (도원동),약국
23,중구,대황약국,인천광역시 중구 제물량로24번길 6-34 (신흥동3가),약국
24,중구,동행약국,"인천광역시 중구 영종대로162번길 20, 107호 (운서동)",약국
25,중구,라라약국,"인천광역시 중구 흰바위로 258, 센타프라자 113호 (운남동)",약국
26,중구,라이프약국,인천광역시 중구 축항대로86번길 38 (항동7가),약국
27,중구,메디온정문약국,인천광역시 중구 답동로30번길 9 (경동),약국
28,중구,메디팜인하약국,"인천광역시 중구 인항로 34, 현대상가 (신흥동3가)",약국
29,중구,미소약국,"인천광역시 중구 하늘별빛로65번길 11, 해솔프라자 1층 101호 (중산동)",약국
30,중구,바다약국,인천광역시 중구 용유서로 298(을왕동),약국
31,중구,밸런스약국,"인천광역시 중구 공항로 272, 인천공항제2여객터미널 지하1층 (운서동)",약국
32,중구,베스트약국,"인천광역시 중구 공항로 271, 지하1층 (운서동, 인천국제공항역)",약국
33,중구,보듬약국,"인천광역시 중구 영종대로 118, 뉴에어포트오피스텔 102호 (운서동)",약국
34,중구,보원약국,인천광역시 중구 우현로 86 (인현동),약국
35,중구,봄온누리약국,"인천광역시 중구 자연대로 47, 대지스타타워2 1층 111호 (중산동)",약국
36,중구,새봄약국,"인천광역시 중구 하늘별빛로 71, 타임프라자 104호 (중산동)",약국
37,중구,서울메디칼약국,"인천광역시 중구 신도시남로 137 (운서동, 화평빌딩)",약국
38,중구,서울행복약국,"인천광역시 중구 운남로 169, 1층 104호 (운남동)",약국
39,중구,수한약국,"인천광역시 중구 자연대로 28, 영종그랑블루 204호 (중산동)",약국
40,중구,스마트약국,인천광역시 중구 축항대로86번길 38 (항동7가),약국
41,중구,스카이약국,"인천광역시 중구 흰바위로 51, 롯데마트 3층 (운서동)",약국
42,중구,스카이팜약국,"인천광역시 중구 공항로 272, 인천공항 제2여객터미널 3층출국장 (운서동)",약국
43,중구,신세계약국,"인천광역시 중구 참외전로 134-1 (인현동, 신세계약국,거상인력)",약국
44,중구,신포부부약국,인천광역시 중구 우현로39번길 2 (신포동),약국
45,중구,신포프라자온누리약국,"인천광역시 중구 우현로 41, 신포프라자약국,현대의원,풀잎문화센터 (신포동)",약국
46,중구,신흥약국,인천광역시 중구 제물량로 131 (답동),약국
47,중구,썬약국,"인천광역시 중구 하늘중앙로195번길 14, 이은스퀘어 125호 (중산동)",약국
48,중구,에이스팜약국,"인천광역시 중구 공항로 272, 인천공항 3층 (운서동)",약국
49,중구,연세약국,"인천광역시 중구 공항로424번길 66, 지하1층 117호 (운서동, 에클라트)",약국
50,중구,영종SKY약국,"인천광역시 중구 하늘중앙로225번길 3, 영종M타워 1층 107,108호 (중산동)",약국
51,중구,영종길온누리약국,"인천광역시 중구 하늘달빛로 94, 113호 (중산동)",약국
52,중구,영종올리브약국,"인천광역시 중구 하늘별빛로65번길 7-9, 스카이타워 117호 (중산동)",약국
53,중구,영종우리들약국,"인천광역시 중구 영종대로 100, 1층 (운서동)",약국
54,중구,영종제일태평양약국,"인천광역시 중구 하늘중앙로 193, 조양타워 108~109호 (중산동)",약국
55,중구,영종태평양약국,"인천광역시 중구 흰바위로 31, 1층 (운서동)",약국
56,중구,옵티마 대학약국,인천광역시 중구 서해대로 366 (신흥동3가),약국
57,중구,옵티마프라자약국,"인천광역시 중구 공항로 272 (운서동, 인천국제공항여객터미널 3층)",약국
58,중구,우리약국,인천광역시 중구 제물량로 65 (신흥동3가),약국
59,중구,운서마루약국,"인천광역시 중구 영종대로 184, 영종예스타워복합상영관 115호 (운서동)",약국
60,중구,운서온누리약국,"인천광역시 중구 영종대로 106, 104호 (운서동)",약국
61,중구,원지당약국,인천광역시 중구 제물량로 121 (답동),약국
62,중구,월드탑약국,"인천광역시 중구 공항로 272, 3층 (운서동, 인천국제공항)",약국
63,중구,유동약국,인천광역시 중구 서해대로494번길 2-1 (유동),약국
64,중구,유한온누리약국,인천광역시 중구 연안부두로33번길 36 (항동7가),약국
65,중구,으뜸약국,인천광역시 중구 도원로7번길 12-1 (선화동),약국
66,중구,인일약국,인천광역시 중구 연안부두로 9 (항동7가),약국
67,중구,인천약국,인천광역시 중구 홍예문로98번길 7 (인현동),약국
68,중구,인하정문약국,"인천광역시 중구 인항로 42, 신영상가 104호 (신흥동3가)",약국
69,중구,정성약국,인천광역시 중구 도원로7번길 1 (신흥동3가),약국
70,중구,중앙약국,인천광역시 중구 참외전로72번길 22-7 (전동),약국
71,중구,천사약국,"인천광역시 중구 인중로 134, 2층 (신생동)",약국
72,중구,청안약국,"인천광역시 중구 우현로 75, 눈편한안과,상아치과,포도나무약국 (인현동)",약국
73,중구,큰사랑약국,인천광역시 중구 서해대로 476 (유동),약국
74,중구,터미널약국,"인천광역시 중구 연안부두로 70 (항동7가, 인천항연안여객터미널)",약국
75,중구,튼튼약국,"인천광역시 중구 하늘중앙로195번길 11, 더테라스 103호 (중산동)",약국
76,중구,포도나무약국,"인천광역시 중구 우현로 90, 1층 (인현동)",약국
77,중구,프라임약국,"인천광역시 중구 공항로 272, 인천공항 제2여객터미널  3층 A/S 5-31-49호 (운서동)",약국
78,중구,하늘365약국,"인천광역시 중구 하늘달빛로 84, 105호 (중산동)",약국
79,중구,하늘그린약국,"인천광역시 중구 신도시남로 137, 1층 (운서동)",약국
80,중구,하늘바다약국,"인천광역시 중구 하늘별빛로65번길 8-11, 메이채프라자 102호 (중산동)",약국
81,중구,하늘약국,"인천광역시 중구 운남로 167, 허브빌딩 101,102호 (운남동)",약국
82,중구,해마루약국,"인천광역시 중구 하늘별빛로 75, 1층 (중산동)",약국
83,중구,해오름약국,"인천광역시 중구 흰바위로 41, 2층 (운서동)",약국
84,동구,동구보건소,인천광역시 동구 석수로 90,보건소 민원실
85,동구,백제약국,"인천광역시 화수로 38, 103호",약국 내부
86,동구,만석동 행정복지센터,인천광역시 동구 석수로 96,행정복지센터 내부(1층 민원실)
87,동구,화수1.화평동 행정복지센터,인천광역시 동구 화도로 41,행정복지센터 내부(1층 민원실)
88,동구,화수2동 행정복지센터,인천광역시 동구 화수안로 42,행정복지센터 내부(1층 민원실)
89,동구,송현1.2동 행정복지센터,인천광역시 동구 솔빛로 22번길 2,행정복지센터 내부(1층 민원실)
90,동구,송현3동 행정복지센터,인천광역시 동구 인중로 635-20,행정복지센터 내부(1층 민원실)
91,동구,송림1동 행정복지센터,"인천광역시 동구 금곡로 35 2층, 201호",행정복지센터 내부(1층 민원실)
92,동구,송림2동 행정복지센터,인천광역시 동구 안송로 6번길 5,행정복지센터 내부(1층 민원실)
93,동구,송림3.5동 행정복지센터,인천광역시 동구 새천년로 72,행정복지센터 내부(1층 민원실)
94,동구,송림4동 행정복지센터,인천광역시 동구 송림동 346,행정복지센터 내부(1층 민원실)
95,동구,송림6동 행정복지센터,인천광역시 동구 샛골로 162번길 56,행정복지센터 내부(1층 민원실)
96,동구,금창동 행정복지센터,인천광역시 동구 금곡로 36번길 16,행정복지센터 내부(1층 민원실)
97,미추홀구,미추홀구보건소,인천광역시 미추홀구 주안서로 25(주안동),보건소 1층 민원실 앞
98,미추홀구,숭의보건지소,인천광역시 미추홀구 경인로 54(숭의동),보건지소내
99,미추홀구,용현2동행정복지센터,인천광역시 미추홀구 용마루로 56(용현동),센터 내
100,미추홀구,용현3동행정복지센터,인천광역시 미추홀구 인주대로 133(용현동),센터 내
101,미추홀구,용현5동행정복지센터,인천광역시 미추홀구 토금북로 60(용현동),센터 내
102,미추홀구,문학동행정복지센터,인천광역시 미추홀구 소성로 339(문학동),센터 내
103,미추홀구,관교동행정복지센터,인천광역시 미추홀구 인하로 452(관교동),센터 내
104,미추홀구,주안2동행정복지센터,인천광역시 미추홀구 남주길43번길 14-29 (주안동),센터 내
105,미추홀구,주안3동행정복지센터,인천광역시 미추홀구 주승로31번길 28-10 (주안동),센터 내
106,미추홀구,주안4동행정복지센터,인천광역시 미추홀구 구월남로 5(주안동),센터 내
107,미추홀구,주안6동행정복지센터,인천광역시 미추홀구 경원대로864번길 59(주안동),센터 내
108,미추홀구,주안7동행정복지센터,인천광역시 미추홀구 인하로 265(주안동),센터 내
109,미추홀구,주안8동행정복지센터,인천광역시 미추홀구 인주대로470번길 24(주안동),센터 내
110,미추홀구,미추홀사랑약국,"인천광역시 미추홀구 인주대로35번길 46, 숭의동 근린생활시설 1층 좌측호 (숭의동)",약국 내
111,미추홀구,건강약국,"인천광역시 미추홀구 낙섬서로 36, 1층 6호 (용현동)",약국 내
112,미추홀구,인하스카이뷰약국,"인천광역시 미추홀구 독배로317번길 29, 컬러프라자 101호 (용현동)",약국 내
113,미추홀구,메디칼정성약국,"인천광역시 미추홀구 독배로 309, 노블레스타워 108호,109호 (용현동)",약국 내
114,미추홀구,바른아산약국,"인천광역시 미추홀구 인하로299번길 3, 일정빌딩 1층 (주안동)",약국 내
115,미추홀구,미추홀약국,"인천광역시 미추홀구 숙골로87번길 5, 204동 2층 16호 (도화동, 더샵 인천스카이타워 2단지)",약국 내
116,미추홀구,주안시민약국,"인천광역시 미추홀구 경인로 399-1, 훈산빌딩 1층 일부층 (주안동)",약국 내
117,미추홀구,삼성온누리약국,"인천광역시 미추홀구 낙섬서로 4, 현대메디켈센타 102호 좌측호 (용현동)",약국 내
118,미추홀구,석바위하나약국,"인천광역시 미추홀구 경원대로 848, 주안태흥프라자 104호 (주안동)",약국 내
119,미추홀구,바른정약국,"인천광역시 미추홀구 인주대로 470, 죠이하우스빌딩 1층 (주안동)",약국 내
120,미추홀구,주안튼튼약국,"인천광역시 미추홀구 석정로 391, 1층 (주안동)",약국 내
121,미추홀구,도움약국,"인천광역시 미추홀구 낙섬중로 138, 미추홀프라자 101호 (용현동)",약국 내
122,미추홀구,휴베이스센트럴약국,"인천광역시 미추홀구 연남로 35, 인천종합터미널,롯데백화점 지하1층 (관교동)",약국 내
123,미추홀구,비타민약국,"인천광역시 미추홀구 인주대로 51, 더스테이프라임월드 108호 (숭의동)",약국 내
124,미추홀구,종로5가약국,"인천광역시 미추홀구 인주대로 131, 1층 (용현동)",약국 내
125,미추홀구,선정수약국,"인천광역시 미추홀구 학익소로 66, 선정빌딩 1층 106호 (학익동)",약국 내
126,미추홀구,햇님약국,"인천광역시 미추홀구 숙골로 114, 우리타워 103호 (도화동)",약국 내
127,미추홀구,드림약국,인천광역시 미추홀구 독배로 465 (숭의동),약국 내
128,미추홀구,열린약국,"인천광역시 미추홀구 낙섬중로 37, 1층 (용현동)",약국 내
129,미추홀구,르네상스약국,"인천광역시 미추홀구 경원대로 869, 르네상스빌딩 504호 (주안동)",약국 내
130,미추홀구,한결약국,"인천광역시 미추홀구 독정이로 79, 미지빌딩 102호 (숭의동)",약국 내
131,미추홀구,온사랑온누리약국,"인천광역시 미추홀구 미추홀대로 715, 101호 (주안동)",약국 내
132,미추홀구,건강효약국,"인천광역시 미추홀구 인주대로132번길 12, 1층 (용현동)",약국 내
133,미추홀구,가까운무궁화약국,"인천광역시 미추홀구 인주대로128번길 7-10, 1층 (용현동)",약국 내
134,미추홀구,건강나누리약국,"인천광역시 미추홀구 인주대로 489, 1층 (주안동)",약국 내
135,미추홀구,주안정약국,"인천광역시 미추홀구 미추홀대로719번길 4, 부성PINE 104,105,106호 (주안동)",약국 내
136,미추홀구,더편한약국,인천광역시 미추홀구 인주대로 404 (주안동),약국 내
137,미추홀구,푸르미약국,"인천광역시 미추홀구 인하로 296, 쌍용아파트상가 107호 (주안동)",약국 내
138,미추홀구,대영약국,인천광역시 미추홀구 인주대로132번길 6 (용현동),약국 내
139,미추홀구,건강제일약국,인천광역시 미추홀구 경인로 291 (도화동),약국 내
140,미추홀구,메디팜현상약국,"인천광역시 미추홀구 미추홀대로 628, 1층 (주안동)",약국 내
141,미추홀구,태양약국,"인천광역시 미추홀구 구월로37번길 46, 1층 (주안동)",약국 내
142,미추홀구,용현우리약국,"인천광역시 미추홀구 독배로 420-1, 102호 (용현동)",약국 내
143,미추홀구,백세약국,"인천광역시 미추홀구 경인로 429, 1층 (주안동)",약국 내
144,미추홀구,다나약국,"인천광역시 미추홀구 경인로 233, 1층 1호 (도화동)",약국 내
145,미추홀구,보은약국,"인천광역시 미추홀구 인주대로 130, 1층 (용현동)",약국 내
146,미추홀구,신기시장약국,"인천광역시 미추홀구 인하로 275, 1층 101호 (주안동)",약국 내
147,미추홀구,아침6시약국,"인천광역시 미추홀구 인주대로 460, 1층 (주안동)",약국 내
148,미추홀구,하늘온누리약국,인천광역시 미추홀구 낙섬중로32번길 15 (용현동),약국 내
149,미추홀구,성광코끼리약국,"인천광역시 미추홀구 독배로 422, 1층 (용현동)",약국 내
150,미추홀구,유원소망약국,"인천광역시 미추홀구 낙섬중로 101, 1층 (용현동)",약국 내
151,미추홀구,키즈맘약국,"인천광역시 미추홀구 경원대로 766, 1층 (주안동)",약국 내
152,미추홀구,디에이치(DH)메디컬약국,"인천광역시 미추홀구 석정로 271, 1층 (도화동)",약국 내
153,미추홀구,석바위약국,"인천광역시 미추홀구 경원대로 862, 1층 (주안동)",약국 내
154,미추홀구,뉴(new)현대약국,"인천광역시 미추홀구 인주대로35번길 46, 숭의동 근린생활시설 1층 (숭의동)",약국 내
155,미추홀구,굿모닝약국,"인천광역시 미추홀구 소성로 333, 1층 (문학동)",약국 내
156,미추홀구,혜은약국,"인천광역시 미추홀구 인하로262번길 6, 1층 (주안동)",약국 내
157,미추홀구,시민온누리약국,"인천광역시 미추홀구 미추홀대로 688, 1층 101호 (주안동)",약국 내
158,미추홀구,365열린온누리약국,"인천광역시 미추홀구 낙섬중로 105, 유원빌딩 1층 101호 (용현동)",약국 내
159,미추홀구,튼튼약국,"인천광역시 미추홀구 경인로 430, 1층 (주안동)",약국 내
160,미추홀구,희망약국,"인천광역시 미추홀구 미추홀대로 573, 1층 (주안동)",약국 내
161,미추홀구,수약국,"인천광역시 미추홀구 독배로317번길 23, 1층 103호 (용현동, 해성프라자)",약국 내
162,미추홀구,바른약국,인천광역시 미추홀구 낙섬중로 40 (용현동),약국 내
163,미추홀구,세인약국,인천광역시 미추홀구 제일로 42-1 (도화동),약국 내
164,미추홀구,중앙메디칼약국,"인천광역시 미추홀구 독배로 311, 1층 110호 (용현동, 비젼프라자)",약국 내
165,미추홀구,서해안약국,인천광역시 미추홀구 용삼길 34 (용현동),약국 내
166,미추홀구,명성약국,"인천광역시 미추홀구 소성로 136, 1층 102호 (학익동)",약국 내
167,미추홀구,세계로건강약국,"인천광역시 미추홀구 경원대로 858, 1층 (주안동, 씨티프라자)",약국 내
168,미추홀구,신보건약국,"인천광역시 미추홀구 주안서로 26-1, 1층 (주안동)",약국 내
169,미추홀구,사랑약국,"인천광역시 미추홀구 석정로 306, 1층 106호 (도화동, 삼원상가)",약국 내
170,미추홀구,제일약국,"인천광역시 미추홀구 인주대로 396, 1층 (주안동)",약국 내
171,미추홀구,삼성약국,"인천광역시 미추홀구 석정로 379, 신동반점 1층 (주안동)",약국 내
172,미추홀구,다온약국,"인천광역시 미추홀구 미추홀대로722번길 12, 한국빌딩 101호 (주안동)",약국 내
173,미추홀구,올리브온누리약국,"인천광역시 미추홀구 아암대로29번길 48 (용현동, 백운프라자)",약국 내
174,미추홀구,다정약국,"인천광역시 미추홀구 미추홀대로 663-1, 1층 (주안동)",약국 내
175,미추홀구,도화태평양약국,"인천광역시 미추홀구 제일로 34, 1층 (도화동)",약국 내
176,미추홀구,한아름약국,"인천광역시 미추홀구 경원대로 869 (주안동, 르네상스빌딩)",약국 내
177,미추홀구,행복약국,"인천광역시 미추홀구 한나루로 589, 102호 (도화동)",약국 내
178,미추홀구,지우약국,"인천광역시 미추홀구 토금남로 65, 1층 (용현동, 용현프라자 (106호))",약국 내
179,미추홀구,용일약국,"인천광역시 미추홀구 인주대로 273, 1층 (주안동)",약국 내
180,미추홀구,봄약국,"인천광역시 미추홀구 독배로 498, 1층 (숭의동)",약국 내
181,미추홀구,주안온누리약국,"인천광역시 미추홀구 인하로352번길 3, 1층 (주안동)",약국 내
182,미추홀구,바로약국,"인천광역시 미추홀구 수봉로 20, 1층 (숭의동)",약국 내
183,미추홀구,화생당약국,인천광역시 미추홀구 길파로 30 (주안동),약국 내
184,미추홀구,나라약국,인천광역시 미추홀구 인주대로458번길 6 (주안동),약국 내
185,미추홀구,인소망약국,인천광역시 미추홀구 미추로 52 (숭의동),약국 내
186,미추홀구,열린연세약국,"인천광역시 미추홀구 토금남로 53 (용현동, 한양프라자 105호)",약국 내
187,미추홀구,파랑새약국,인천광역시 미추홀구 장천로112번길 3 (숭의동),약국 내
188,미추홀구,대학약국,"인천광역시 미추홀구 방축로 216, C동 1층 102호 (도화동)",약국 내
189,미추홀구,건강프라자약국,인천광역시 미추홀구 경인로 431-1 (주안동),약국 내
190,미추홀구,은혜약국,인천광역시 미추홀구 경인로 128 (숭의동),약국 내
191,미추홀구,조은약국,인천광역시 미추홀구 독배로 429 (용현동),약국 내
192,미추홀구,천사약국,"인천광역시 미추홀구 낙섬중로38번길 2, 1층 (용현동)",약국 내
193,미추홀구,학익프라자약국,인천광역시 미추홀구 매소홀로 355 (학익동),약국 내
194,미추홀구,용남시장약국,인천광역시 미추홀구 인주대로266번길 17 (용현동),약국 내
195,미추홀구,신우리들 약국,"인천광역시 미추홀구 매소홀로 63, 107호 (용현동)",약국 내
196,미추홀구,맑은약국,인천광역시 미추홀구 경원대로652번길 31 (관교동),약국 내
197,미추홀구,연세메디칼약국,인천광역시 미추홀구 토금중로40번길 11 (용현동),약국 내
198,미추홀구,한사랑약국,"인천광역시 미추홀구 석정로 411  (주안동,금창빌딩 402호)",약국 내
199,미추홀구,신기메디칼약국,인천광역시 미추홀구 인하로 273 (주안동),약국 내
200,미추홀구,주안백화점약국,인천광역시 미추홀구 한나루로 500-1 (주안동),약국 내
201,미추홀구,서울온누리약국,인천광역시 미추홀구 인주대로469번길 20  (주안동),약국 내
202,미추홀구,새희망약국,인천광역시 미추홀구 낙섬중로 54  (용현동),약국 내
203,미추홀구,서해약국,인천광역시 미추홀구 아암대로 87  (용현동),약국 내
204,미추홀구,성모제일약국,인천광역시 미추홀구 경인로 486 (주안동),약국 내
205,미추홀구,대마옵티마약국,인천광역시 미추홀구 제일로 21-2 (도화동),약국 내
206,미추홀구,신동아청수약국,인천광역시 미추홀구 매소홀로 470  (학익동),약국 내
207,미추홀구,참조은약국,인천광역시 미추홀구 제일로 38  (도화동),약국 내
208,미추홀구,인천터미널약국,"인천광역시 미추홀구 연남로 35  (관교동,인천터미널 1층)",약국 내
209,미추홀구,메디팜큰사랑약국,인천광역시 미추홀구 아암대로29번길 86  (용현동),약국 내
210,미추홀구,메디칼약국,인천광역시 미추홀구 인하로 251 (주안동),약국 내
211,미추홀구,정다운약국,"인천광역시 미추홀구 인중로 13, 햇살병원 1층 좌측호 (숭의동)",약국 내
212,미추홀구,미소약국,"인천광역시 미추홀구 주안로 226, 217호 (주안동, 주안더월드스테이트 1단지 중심상가동 217호)",약국 내
213,미추홀구,코끼리약국,"인천광역시 미추홀구 인주대로35번길 36-7, 1층 (숭의동)",약국 내
214,미추홀구,건강플러스약국,"인천광역시 미추홀구 매소홀로 340, 209호 (학익동, 풍림아이원아파트상가)",약국 내
215,미추홀구,천우약국,인천광역시 미추홀구 경원대로 856 (주안동),약국 내
216,미추홀구,서광약국,"인천광역시 미추홀구 경인로 347  (주안동,1층)",약국 내
217,미추홀구,라성약국,인천광역시 미추홀구 미추홀대로722번길 8 (주안동),약국 내
218,미추홀구,을지약국,인천광역시 미추홀구 인하로 121 (용현동),약국 내
219,미추홀구,행복한약국,인천광역시 미추홀구 미추홀대로722번길 6 (주안동),약국 내
220,미추홀구,문학사랑약국,인천광역시 미추홀구 소성로326번길 4 (문학동),약국 내
221,미추홀구,다나은 온누리 약국,"인천광역시 미추홀구 소성로 6  (용현동,홈플러스(인하점) 지하1층)",약국 내
222,미추홀구,VIP우리약국,인천광역시 미추홀구 경인로 433 (주안동),약국 내
223,미추홀구,늘푸른약국,인천광역시 미추홀구 인하로 261 (주안동),약국 내
224,미추홀구,위드팜굿모닝약국,인천광역시 미추홀구 석정로 430 (주안동),약국 내
225,미추홀구,중앙약국,인천광역시 미추홀구 매소홀로 474 (학익동),약국 내
226,미추홀구,고일약국,인천광역시 미추홀구 소성로 150 (학익동),약국 내
227,미추홀구,큰나무약국,인천광역시 미추홀구 매소홀로 442 (학익동),약국 내
228,미추홀구,인천교약국,인천광역시 미추홀구 방축로 240 (도화동),약국 내
229,미추홀구,미래약국,인천광역시 미추홀구 인주대로 186 (용현동),약국 내
230,미추홀구,용현독일약국,인천광역시 미추홀구 독정이로 7 (용현동),약국 내
231,미추홀구,한솔약국,인천광역시 미추홀구 인하로 211 (주안동),약국 내
232,미추홀구,다사랑약국,인천광역시 미추홀구 한나루로 379 (학익동),약국 내
233,미추홀구,현대메디칼약국,인천광역시 미추홀구 낙섬서로 4 (용현동),약국 내
234,미추홀구,명문약국,인천광역시 미추홀구 낙섬중로 15-1 (용현동),약국 내
235,미추홀구,동인당약국,인천광역시 미추홀구 석정로 125 (숭의동),약국 내
236,미추홀구,청사랑약국,인천광역시 미추홀구 제일로 42 (도화동),약국 내
237,미추홀구,도화약국,인천광역시 미추홀구 한나루로 585 (도화동),약국 내
238,미추홀구,넘버원약국,인천광역시 미추홀구 소성로 133  (학익동),약국 내
239,미추홀구,태성약국,인천광역시 미추홀구 미추홀대로 696 (주안동),약국 내
240,미추홀구,김재준약국,인천광역시 미추홀구 미추홀대로 576 (주안동),약국 내
241,미추홀구,주안동서약국,인천광역시 미추홀구 미추홀대로 700 (주안동),약국 내
242,미추홀구,영약국,인천광역시 미추홀구 문화로 45 (관교동),약국 내
243,미추홀구,백화점약국,인천광역시 미추홀구 미추홀대로 722 (주안동),약국 내
244,미추홀구,우성약국,인천광역시 미추홀구 석정로 389-5 (주안동),약국 내
245,미추홀구,신천지약국,인천광역시 미추홀구 경인로 485 (주안동),약국 내
246,미추홀구,보건온누리약국,인천광역시 미추홀구 석바위로 42 (주안동),약국 내
247,미추홀구,예지원약국,인천광역시 미추홀구 미추홀대로 581 (주안동),약국 내
248,미추홀구,온누리동산약국,인천광역시 미추홀구 길파로 26 (주안동),약국 내
249,미추홀구,독일약국,인천광역시 미추홀구 석정로 459 (주안동),약국 내
250,미추홀구,수성당약국,인천광역시 미추홀구 경인로 344 (주안동),약국 내
251,미추홀구,참사랑약국,인천광역시 미추홀구 인하로 276 (주안동),약국 내
252,미추홀구,인암종로약국,인천광역시 미추홀구 석정로 327 (도화동),약국 내
253,미추홀구,류형준힐링약국,인천광역시 미추홀구 주안로 51 (주안동),약국 내
254,미추홀구,건강백세약국,인천광역시 미추홀구 미추홀대로 561 (주안동),약국 내
255,미추홀구,민선당약국,인천광역시 미추홀구 인하로 269 (주안동),약국 내
256,미추홀구,인영약국,인천광역시 미추홀구 인하로 301-1 (주안동),약국 내
257,미추홀구,백제약국,"인천광역시 미추홀구 수봉로 31, 1층 (숭의동)",약국 내
258,미추홀구,오거리약국,인천광역시 미추홀구 숙골로 57 (도화동),약국 내
259,미추홀구,백제당약국,"인천광역시 미추홀구 아암대로29번길 77, 1층 (용현동)",약국 내
260,미추홀구,명신약국,인천광역시 미추홀구 학익소로61번길 135 (학익동),약국 내
261,미추홀구,대은약국,인천광역시 미추홀구 인하로119번길 13 (용현동),약국 내
262,미추홀구,주사랑약국,인천광역시 미추홀구 토금남로 31-1 (용현동),약국 내
263,미추홀구,삼정약국,인천광역시 미추홀구 경인로 128-1 (숭의동),약국 내
264,미추홀구,문학모범약국,인천광역시 미추홀구 매소홀로 578 (문학동),약국 내
265,미추홀구,토지약국,인천광역시 미추홀구 낙섬중로 35  (용현동),약국 내
266,미추홀구,파란약국,인천광역시 미추홀구 석정로 437 (주안동),약국 내
267,미추홀구,안약국,인천광역시 미추홀구 수봉로 55 (숭의동),약국 내
268,미추홀구,정약국,인천광역시 미추홀구 경인로 391 (주안동),약국 내
269,미추홀구,명문당약국,인천광역시 미추홀구 인주대로 191-1 (용현동),약국 내
270,미추홀구,공단시장약국,인천광역시 미추홀구 길파로 16 (주안동),약국 내
271,미추홀구,하나로약국,인천광역시 미추홀구 토금중로 13 (용현동),약국 내
272,미추홀구,주안메디카약국,인천광역시 미추홀구 석정로 436  (주안동),약국 내
273,미추홀구,제도약국,"인천광역시 미추홀구 인하로 296, 108,109호 (주안동, 쌍용A상가내)",약국 내
274,미추홀구,민중약국,인천광역시 미추홀구 한나루로 400 (학익동),약국 내
275,미추홀구,푸른약국,인천광역시 미추홀구 수봉로182번길 45 (주안동),약국 내
276,미추홀구,약손약국,"인천광역시 미추홀구 토금남로 29, 1층 (용현동)",약국 내
277,미추홀구,부처산약국,인천광역시 미추홀구 미추홀대로 735 (주안동),약국 내
278,미추홀구,운현약국,인천광역시 미추홀구 경인로34번길 4 (숭의동),약국 내
279,미추홀구,청수당약국,인천광역시 미추홀구 석정로 300 (도화동),약국 내
280,미추홀구,오성약국,인천광역시 미추홀구 한나루로 499-3 (용현동),약국 내
281,미추홀구,신태양옵티마약국,"인천광역시 미추홀구 인주대로 332, 104호 (주안동)",약국 내
282,미추홀구,우일약국,인천광역시 미추홀구 동주길135번길 20-6 (주안동),약국 내
283,미추홀구,길정약국,인천광역시 미추홀구 인주대로 261 (주안동),약국 내
284,미추홀구,정성약국,인천광역시 미추홀구 신기길58번길 43-3 (주안동),약국 내
285,미추홀구,한신약국,인천광역시 미추홀구 경원대로 717 (주안동),약국 내
286,미추홀구,기성약국,인천광역시 미추홀구 낙섬중로 51 (용현동),약국 내
287,미추홀구,중화약국,인천광역시 미추홀구 석정로 16 (숭의동),약국 내
288,미추홀구,종로사약국,인천광역시 미추홀구 경인로 382-1 (주안동),약국 내
289,미추홀구,성우약국,"인천광역시 미추홀구 한나루로 389, 1층 (학익동)",약국 내
290,미추홀구,부영약국,인천광역시 미추홀구 한나루로 411 (학익동),약국 내
291,미추홀구,만화약국,인천광역시 미추홀구 미추로 25 (숭의동),약국 내
292,연수구,연수구 보건소,인천광역시 연수구 함박뫼로 13,보건소 정문 앞
293,연수구,연수구청,인천광역시 연수구 원인재로 115,1층 동문쪽 청내
294,연수구,송도 건강생활지원센터,인천광역시 연수구 인천타워대로54번길 19,1층 우편함옆
295,연수구,옥련1동 행정복지센터,인천광역시 연수구 비류대로186번길 14,센터 내
296,연수구,옥련2동 행정복지센터,인천광역시 연수구 옥련로 82,센터 내
297,연수구,선학동 행정복지센터,인천광역시 연수구 선학로 54,센터 내
298,연수구,연수1동 행정복지센터,인천광역시 연수구 함박뫼로 127,센터 내
299,연수구,연수2동 행정복지센터,인천광역시 연수구 원인재로 158,센터 내
300,연수구,연수3동 행정복지센터,인천광역시 연수구 원인재로 283,센터 내
301,연수구,청학동 행정복지센터,인천광역시 연수구 비류대로294번길 26,센터 내
302,연수구,동춘1동 행정복지센터,인천광역시 연수구 먼우금로 117,센터 내
303,연수구,동춘2동 행정복지센터,인천광역시 연수구 먼우금로 41,센터 내
304,연수구,동춘3동 행정복지센터,인천광역시 연수구 원인재로 110,센터 내
305,연수구,송도1동 행정복지센터,인천광역시 연수구 하모니로35번길 8,센터 내
306,연수구,송도2동 행정복지센터,인천광역시 연수구 신송로 248,센터 내
307,연수구,송도3동 행정복지센터,인천광역시 연수구 송도교육로 61,센터 내
308,연수구,송도4동 행정복지센터,인천광역시 연수구 컨벤시아대로230번길 42,센터 내
309,연수구,송도5동 행정복지센터,인천광역시 연수구 인천타워대로 501,센터 내
310,연수구,동아온누리약국,"인천광역시 연수구 앵고개로264번길 10-1 (동춘동, 아촌빌딩)",약국 내
311,연수구,늘푸른약국,"인천광역시 연수구 앵고개로 250, 204호 (동춘동)",약국 내
312,연수구,행복한우리약국,"인천광역시 연수구 앵고개로 256, 101호 (동춘동, 웅지프라자)",약국 내
313,연수구,종로약국,"인천광역시 연수구 앵고개로 250, 1층 (동춘동)",약국 내
314,연수구,효성약국,"인천광역시 연수구 원인재로 88, 101호 (동춘동, 대우삼환아파트상가)",약국 내
315,연수구,윤약국,"인천광역시 연수구 학나래로118번길 9, 107호 (선학동, 선학프라자)",약국 내
316,연수구,대동약국,인천광역시 연수구 선학로68번길 4 (선학동),약국 내
317,연수구,동인천약국,"인천광역시 연수구 선학로 101, 104호 (선학동, 뉴서울상가)",약국 내
318,연수구,새로이약국,"인천광역시 연수구 인천타워대로132번길 34, 103호 (송도동)",약국 내
319,연수구,솔빛약국,"인천광역시 연수구 신송로 153, 더 마란츠타워 111,112호 (송도동)",약국 내
320,연수구,송도건강온누리약국,"인천광역시 연수구 컨벤시아대로 69, 4층 408호 (송도동, 밀레니엄빌딩)",약국 내
321,연수구,별온누리약국,"인천광역시 연수구 하모니로 158, 송도타임스페이스 A-110,111,112호 (송도동)",약국 내
322,연수구,우리들약국,"인천광역시 연수구 아트센터대로168번길 100, 한라 웨스턴파크 송도 152호 (송도동)",약국 내
323,연수구,엄마손약국,"인천광역시 연수구 신송로 154, 더 제니스 1층 115호 (송도동)",약국 내
324,연수구,무지개약국,인천광역시 연수구 새말로 31 (연수동),약국 내
325,연수구,대한약국,인천광역시 연수구 비류대로 435 (연수동),약국 내
326,연수구,최현수약국,인천광역시 연수구 비류대로 429 (연수동),약국 내
327,연수구,열린약국,"인천광역시 연수구 먼우금로 194, 1층 117호 (연수동)",약국 내
328,연수구,연수건강옵티마약국,"인천광역시 연수구 청능대로 103, 1층 (연수동, BYC빌딩)",약국 내
329,연수구,보건약국,"인천광역시 연수구 원인재로 222, 401동 115호 (연수동, 시영1차아파트상가)",약국 내
330,연수구,강봉윤약국,"인천광역시 연수구 원인재로 315, 110호 (연수동, 주공1단지상가)",약국 내
331,연수구,자애약국,"인천광역시 연수구 원인재로 315, 106호 (연수동, 주공임대상가)",약국 내
332,연수구,백화점온누리약국,인천광역시 연수구 비류대로 208 (옥련동),약국 내
333,연수구,미래팜약국,"인천광역시 연수구 독배로 42 (옥련동, 해창빌딩)",약국 내
334,연수구,한솔프라자약국,인천광역시 연수구 독배로 41 (옥련동),약국 내
335,연수구,동의당약국,"인천광역시 연수구 한진로 23, 1층 (옥련동)",약국 내
336,연수구,효약국,"인천광역시 연수구 청학로 5 (청학동, 행복빌딩)",약국 내
337,연수구,희망약국,"인천광역시 연수구 청명로 5, 1층 (청학동)",약국 내
338,연수구,원약국,인천광역시 연수구 먼우금로 189 (청학동),약국 내
339,연수구,뉴코아약국,"인천광역시 연수구 용담로 11, 205호 (청학동, 시대아파트상가)",약국 내
340,연수구,천세약국,"인천광역시 연수구 청능대로 87, 지하1층 (청학동, 롯데마트 연수점 내)",약국 내
341,연수구,정명약국,인천광역시 연수구 청학로15번길 4 (청학동),약국 내
342,연수구,둥지온누리약국,인천광역시 연수구 함박뫼로 26 (청학동),약국 내
343,연수구,온누리현대약국,인천광역시 연수구 독배로40번길 29 (옥련동),약국 내
344,연수구,건강나라약국,"인천광역시 연수구 독배로40번길 11, 108호 (옥련동, 효명프라자)",약국 내
345,연수구,우리팜아름약국,"인천광역시 연수구 용담로 11, 2층 202-1호(청학동, 시대아파트상가)",약국 내
346,연수구,해든소망약국,"인천광역시 연수구 먼우금로 189, 2층(청학동, 소망글로벌)",약국 내
347,남동구,남동구보건소,인천광역시 남동구 소래로 633,보건소 1층 현관 
348,남동구,구월1동행정복지센터,인천광역시 남동구 선수촌공원로 104,1층 민원실내
349,남동구,구월2동행정복지센터,인천광역시 남동구 구월로 208,1층 민원실내
350,남동구,구월3동행정복지센터,인천광역시 남동구 문화서로 84,2층 민원실내
351,남동구,구월4동행정복지센터,인천광역시 남동구 구월말로 7,1층 청사입구
352,남동구,간석1동행정복지센터,인천광역시 남동구 구월로137번길 39,1층 민원실내
353,남동구,간석2동행정복지센터,인천광역시 남동구 남동대로916번길 47,2층 민원실내
354,남동구,간석3동행정복지센터,인천광역시 남동구 용천로 186,2층 민원실내
355,남동구,간석4동행정복지센터,인천광역시 남동구 석정로 575,3층 민원실내
356,남동구,만수1동행정복지센터,인천광역시 남동구 인주대로 851,1층 민원실내
357,남동구,만수2동행정복지센터,인천광역시 남동구 만수서로 46,1층 민원실내
358,남동구,만수3동행정복지센터,인천광역시 남동구 서판로 11,1층 민원실내
359,남동구,만수4동행정복지센터,인천광역시 남동구 만수로50번길 39,1층 민원실내
360,남동구,만수5동행정복지센터,인천광역시 남동구 구월로 303,5층 민원실내
361,남동구,만수6동행정복지센터,인천광역시 남동구 장승남로 47,1층 민원실내
362,남동구,장수서창동행정복지센터,인천광역시 남동구 독곡로 28,1층 민원실내
363,남동구,서창2동행정복지센터,인천광역시 남동구 서창남순환로 43,1층 민원실내
364,남동구,남촌도림동행정복지센터,인천 남동구 남촌동로25번길 43,3층 민원실내
365,남동구,논현1동행정복지센터,인천광역시 남동구 소래역로 115,1층 민원실내
366,남동구,논현2동행정복지센터,인천광역시 남동구 논현고잔로 248,1층 민원실내
367,남동구,논현고잔동행정복지센터,인천광역시 남동구 앵고개로847번길 32,1층 민원실내
368,부평구,부평구보건소,인천광역시 부평구 부흥로 291(부평동),"1층 정문 입구, 2층 보건행정과 사무실 내"
369,부평구,청천보건지소,인천광역시 부평구 마장로410번길 5(청천동),1층 진료민원실 내
370,부평구,부평구청,인천광역시 부평구 부평대로 168(부평동),1층 하나로민원과 입구
371,부평구,부평1동 행정복지센터,인천광역시 부평구 부평문화로 37번길 1(부평동),1층 민원실 내
372,부평구,부평2동 행정복지센터,인천광역시 부평구  부영로 23 (부평동),1층 입구
373,부평구,부평3동 행정복지센터,"인천광역시 부평구 마장로 82, 2층(십정동)",2층 민원실 내
374,부평구,부평4동 행정복지센터,"인천광역시 부평구 장제로 145, 2층(부평동)",2층 엘리베이터 앞 
375,부평구,부평5동 행정복지센터,인천광역시 부평구 부평문화로106번길 17(부평동),1층 민원실 내
376,부평구,부평6동 행정복지센터,인천광역시 부평구 동수로 70(부평동),1층 민원실 내
377,부평구,산곡1동 행정복지센터,인천광역시 부평구 마장로319번길 52(산곡동),1층 민원실 내
378,부평구,산곡2동 행정복지센터,인천광역시 부평구 안남로 255(산곡동,1층 입구
379,부평구,산곡3동 행정복지센터,인천광역시 부평구 경원대로 1269-2(산곡동),1층 민원실 내
380,부평구,산곡4동 행정복지센터,인천광역시 부평구 부흥로173번길 68(산곡동),1층 민원실 내
381,부평구,청천1동 행정복지센터,인천광역시 부평구 산청로127번길 3(청천동),1층 민원실 내
382,부평구,청천2동 행정복지센터,인천광역시 부평구 마장로 410번길 5(청천동),1층 입구
383,부평구,갈산1동 행정복지센터,인천광역시 부평구 주부토로 254(갈산동),1층 민원실 내
384,부평구,갈산2동 행정복지센터,인천 부평구 주부토로 173(갈산동),1층 입구
385,부평구,삼산1동 행정복지센터,인천광역시 부평구 후정동로 9(삼산동),1층 입구
386,부평구,삼산2동 행정복지센터,인천광역시 부평구  굴포로 137(삼산동),1층 입구
387,부평구,부개1동 행정복지센터,인천광역시 부평구 동수로162번길 11 (부개동),1층 민원실 내
388,부평구,부개2동 행정복지센터,인천광역시 부평구 동수천로 104(부개동),1층 입구
389,부평구,부개3동 행정복지센터,인천광역시 부평구 길주남로 117(부개동),1층 민원실 내
390,부평구,일신동 행정복지센터,인천광역시 부평구 경인로 1148번길 6(일신동),1층 입구
391,부평구,십정1동 행정복지센터,"인천광역시 부평구 열우물로 103, 2층(십정동)",2층 민원실 내
392,부평구,십정2동 행정복지센터,인천광역시 부평구 동암산로33번길 6-7(십정동),1층 민원실 내
393,부평구,부평구 시설관리공단,인천광역시 부평구 수변로 175(부개동),1층 입구
394,부평구,부평구 노인복지관,인천광역시 굴포로 114(삼산동),1층 입구
395,부평구,부개시장온누리약국,"인천광역시 부평구 부개로 71-12, 2동 157,158,160,161호 (부개동)",약국 내
396,부평구,더조은약국,"인천광역시 부평구 후정로 33, 근린생활시설동 1층 103~104호 (삼산동, 부평삼산 신원아침도시)",약국 내
397,부평구,부평 해약국,"인천광역시 부평구 산청로 97, 단지내상가 4동 1층 403,404호 (청천동, e편한세상부평그랑힐스)",약국 내
398,부평구,롯데약국,"인천광역시 부평구 길주로 623, 대덕리치아노 3층 331호 (삼산동)",약국 내
399,부평구,동암가장큰약국,"인천광역시 부평구 열우물로 66, 해동빌딩 1층 일부호 (십정동)",약국 내
400,부평구,밝은약국,"인천광역시 부평구 경원대로 1373, 북인천우체국 1층 일부호 (부평동)",약국 내
401,부평구,365그랜드온누리약국,"인천광역시 부평구 마장로 314, 성수빌딩 101호 (산곡동)",약국 내
402,부평구,청천약국,"인천광역시 부평구 청중로 61, 1층 일부호 (청천동)",약국 내
403,부평구,온새미로약국,"인천광역시 부평구 부평대로 21, 금남빌딩 102호 (부평동)",약국 내
404,부평구,부평도담약국,"인천광역시 부평구 경원대로 1246, 동심빌딩 1층 일부호 (산곡동)",약국 내
405,부평구,마음약국,"인천광역시 부평구 열우물로 75, 103호 (십정동)",약국 내
406,부평구,문화약국,"인천광역시 부평구 부평대로 9, 문화드림빌 101,102호 (부평동)",약국 내
407,부평구,큰길약국,"인천광역시 부평구 부평대로 37-2, 1층 (부평동)",약국 내
408,부평구,부개바른약국,"인천광역시 부평구 경인로1104번길 18, 1층 일부호 (부개동)",약국 내
409,부평구,부개하늘약국,"인천광역시 부평구 부일로 85, 1층 일부호 (부개동)",약국 내
410,부평구,휴베이스 가정약국,"인천광역시 부평구 길주로494번길 25, 1층 일부호 (청천동)",약국 내
411,부평구,갈산종로약국,"인천광역시 부평구 평천로 302, 102호 (갈산동)",약국 내
412,부평구,도담약국,"인천광역시 부평구 세월천로 42, 1층 (청천동)",약국 내
413,부평구,동암조은약국,"인천광역시 부평구 열우물로87번길 16, 1층 일부호 (십정동)",약국 내
414,부평구,하나온누리약국,"인천광역시 부평구 마장로 430, 102호 (청천동)",약국 내
415,부평구,부평평화약국,"인천광역시 부평구 시장로 32, 1층 102,103호 (부평동)",약국 내
416,부평구,스타약국,"인천광역시 부평구 부흥로 393, 1층 (부개동)",약국 내
417,부평구,우주약국,인천광역시 부평구 시장로 7(부평동),약국 내
418,부평구,부평건강약국,"인천광역시 부평구 주부토로 112, 삼진빌딩, 1층 일부 (부평동)",약국 내
419,부평구,보리약국,"인천광역시 부평구 마장로 86, 1층 일부호 (십정동)",약국 내
420,부평구,로터리약국,"인천광역시 부평구 부평문화로 87, 106호, 107호, 108호 (부평동)",약국 내
421,부평구,하나약국,"인천광역시 부평구 길주로 378, 문명빌딩 1층 일부호 (산곡동)",약국 내
422,부평구,삼산미소약국,"인천광역시 부평구 길주로 643, 명윤빌딩 1층 일부(101호)호 (삼산동)",약국 내
423,부평구,부평수약국,"인천광역시 부평구 경원대로 1366, 스테이션 타워 105호 (부평동)",약국 내
424,부평구,동암스타약국,"인천광역시 부평구 동암광장로 14, 1층 일부호 (십정동)",약국 내
425,부평구,부평중앙약국,"인천광역시 부평구 대정로 28, 104호 (부평동)",약국 내
426,부평구,다온약국,"인천광역시 부평구 길주남로 35, 도형빌딩 1층 일부호 (부평동)",약국 내
427,부평구,동암수약국,"인천광역시 부평구 아트센터로 40, 1층 일부호 (십정동)",약국 내
428,부평구,미약국,"인천광역시 부평구 광장로 4, 1층 일부호 (부평동)",약국 내
429,부평구,행운약국,"인천광역시 부평구 경원대로 1409, 반석빌딩 1층 일부호 (부평동)",약국 내
430,부평구,부평이화약국,"인천광역시 부평구 경원대로 1270, 101호 (부평동)",약국 내
431,부평구,분수대약국,"인천광역시 부평구 광장로 16, 부평민자역사 지하2층 39호, 40호 (부평동)",약국 내
432,부평구,365부평프라자약국,"인천광역시 부평구 부평문화로 57, 1층 (부평동)",약국 내
433,부평구,동암광장약국,"인천광역시 부평구 동암광장로14번길 4, 스타플랙스 102호 (십정동)",약국 내
434,부평구,세원약국,"인천광역시 부평구 경원대로 1395, 부평일번가 106호 (부평동)",약국 내
435,부평구,착한약국,"인천광역시 부평구 길주남로 157, 태성프라자 104호 (부개동)",약국 내
436,부평구,웰빙약국,"인천광역시 부평구 마장로 338, 산곡행복의집 1층 일부호 (산곡동)",약국 내
437,부평구,스마일약국,"인천광역시 부평구 길주남로 158, 103호 (부개동)",약국 내
438,부평구,호호약국,"인천광역시 부평구 부평대로51번길 7, 제이·원 부평메디피아 1층 101호 (부평동)",약국 내
439,부평구,부평시장역4번출구약국,"인천광역시 부평구 부평대로 83, 강남타워 1층 102호 (부평동)",약국 내
440,부평구,리뉴약국,"인천광역시 부평구 부평대로 153, 부평구청역대명벨리온 1층 130호 (부평동)",약국 내
441,부평구,장원약국,"인천광역시 부평구 부평문화로 38, 103호 (부평동)",약국 내
442,부평구,천사약국,"인천광역시 부평구 동수로 61, 공익스포렉스빌딩 1층 101호 (부평동)",약국 내
443,부평구,성심약국,"인천광역시 부평구 부평문화로130번길 48, 1층 (부평동)",약국 내
444,부평구,동인당약국,"인천광역시 부평구 체육관로 30, 삼산동 이리옴프라자 1층 103호 (삼산동)",약국 내
445,부평구,제일조은약국,"인천광역시 부평구 일신로 10, 1층 (일신동)",약국 내
446,부평구,새롬약국,"인천광역시 부평구 부평대로 171-11, 1층 (청천동)",약국 내
447,부평구,손약국,"인천광역시 부평구 경원대로 1414, 삼미빌딩 1층 103호 (부평동)",약국 내
448,부평구,청호약국,"인천광역시 부평구 체육관로 24, 청호빌딩 1층 103호 (삼산동)",약국 내
449,부평구,옵티마자연약국,"인천광역시 부평구 수변로107번길 58, 인왕빌딩 (부개동)",약국 내
450,부평구,노벨약국,인천광역시 부평구 경원대로 1400-1 (부평동),약국 내
451,부평구,부평종로약국,인천광역시 부평구 세월천로 46 (청천동),약국 내
452,부평구,고래약국,"인천광역시 부평구 마장로324번길 8-19, 103호 (산곡동)",약국 내
453,부평구,서울대학약국,"인천광역시 부평구 동수로 61, 108호~112호,206호일부,207호,208호일부 (부평동)",약국 내
454,부평구,황약국,"인천광역시 부평구 마장로 82, 현대다섬프라자 103호 (십정동)",약국 내
455,부평구,튼튼약국,"인천광역시 부평구 동수로 184, 1층 (부개동)",약국 내
456,부평구,유림약국,"인천광역시 부평구 부일로 11, 205호 (부평동, 아이앤비아파트)",약국 내
457,부평구,섬초약국,"인천광역시 부평구 장제로76번길 8, 103호 (부평동, 원일팰리스)",약국 내
458,부평구,나래약국,"인천광역시 부평구 부평문화로 43, 1층 (부평동)",약국 내
459,부평구,나라약국,"인천광역시 부평구 주부토로 82, 1층 일부호 (부평동)",약국 내
460,부평구,살맛나는온누리약국,"인천광역시 부평구 부평대로 33, 1층 (부평동, 창성빌딩)",약국 내
461,부평구,다정약국,"인천광역시 부평구 부영로189번길 51 (산곡동, 오남프라자 508호일부)",약국 내
462,부평구,진선약국,"인천광역시 부평구 부평대로32번길 1, 1층 (부평동)",약국 내
463,부평구,한마음약국,"인천광역시 부평구 길주남로 159, 101호 (부개동, 새롬프라자14차)",약국 내
464,부평구,365열린약국,"인천광역시 부평구 부일로 87 (부개동, 송신빌딩)",약국 내
465,부평구,부평제일약국,인천광역시 부평구 부평문화로 48 (부평동),약국 내
466,부평구,한솔약국,"인천광역시 부평구 세월천로 67 (산곡동, 명성빌딩)",약국 내
467,부평구,부평판도라약국,"인천광역시 부평구 경인로 947 (부평동, 태성메디칼 109호110호)",약국 내
468,부평구,믿음약국,인천광역시 부평구 마장로 396-1 (청천동),약국 내
469,부평구,행복약국,"인천광역시 부평구 부흥로 264 (부평동, 동아웰빙타운302-2호)",약국 내
470,부평구,사과약국,"인천광역시 부평구 부평문화로 96, 1층 (부평동, 해인빌딩)",약국 내
471,부평구,일호약국,인천광역시 부평구 경원대로1403번길 4 (부평동),약국 내
472,부평구,비타민약국,"인천광역시 부평구 길주남로10번길 21 (부평동, 래미안부평상가1동 101호)",약국 내
473,부평구,편안약국,"인천광역시 부평구 시장로 55-1, 1층 (부평동)",약국 내
474,부평구,동암메디칼약국,인천광역시 부평구 열우물로 51 (십정동),약국 내
475,부평구,건강온누리약국,인천광역시 부평구 경인로 836 (부평동),약국 내
476,부평구,혜성프라자약국,"인천광역시 부평구 원적로 434 (산곡동, 혜성프라자111호,113호)",약국 내
477,부평구,수현약국,"인천광역시 부평구 부평대로 301 (청천동, 남광센트렉스 105호일부)",약국 내
478,부평구,금호약국,인천광역시 부평구 장제로 205 (부평동),약국 내
479,부평구,큰약국,"인천광역시 부평구 장제로 62, M-city 106호 (부평동)",약국 내
480,부평구,허브약국,인천광역시 부평구 부평대로 171 (청천동),약국 내
481,부평구,행복한약국,"인천광역시 부평구 길주로 623, 328호 (삼산동, 대덕리치아노)",약국 내
482,부평구,신생약국,인천광역시 부평구 원길로 19 (청천동),약국 내
483,부평구,늘봄약국,인천광역시 부평구 길주남로 113 (부개동),약국 내
484,부평구,비타민온누리약국,"인천광역시 부평구 길주남로 124 (부개동, 동성빌딩)",약국 내
485,부평구,부평드림약국,인천광역시 부평구 장제로 82 (부평동),약국 내
486,부평구,부흥온누리약국,"인천광역시 부평구 장제로 160, 104호 (부평동, 갤럭시아파트)",약국 내
487,부평구,한나약국,"인천광역시 부평구 동수로 168-1 (부개동, 승민빌딩)",약국 내
488,부평구,온누리푸른약국,"인천광역시 부평구 부영로189번길 51, 1층 104호 (산곡동, 오남프라자)",약국 내
489,부평구,코코약국,"인천광역시 부평구 경원대로 1404, 115호 (부평동, 그랑프리 빌딩)",약국 내
490,부평구,현대약국,"인천광역시 부평구 마장로 334, 108호 (산곡동)",약국 내
491,부평구,꽃님이약국,인천광역시 부평구 동수로 57-1 (부평동),약국 내
492,부평구,바다약국,"인천광역시 부평구 주부토로 231, 1층 106호 (갈산동, 갈산홈프라자)",약국 내
493,부평구,새봄약국,"인천광역시 부평구 부평대로 19-1, 2층 (부평동)",약국 내
494,부평구,해봄약국,"인천광역시 부평구 마장로324번길 8-15, 102호 (산곡동)",약국 내
495,부평구,을지약국,"인천광역시 부평구 부평대로 132 (부평동, 헤리움노블레스 101호)",약국 내
496,부평구,우리온누리약국,"인천광역시 부평구 원적로 434, 202호 (산곡동, 혜성프라자)",약국 내
497,부평구,수보당약국,"인천광역시 부평구 부평대로 24, 103호, 104호 (부평동, 가나베스트빌)",약국 내
498,부평구,메디칼안약국,인천광역시 부평구 부평대로 171-9 (청천동),약국 내
499,부평구,새정성약국,"인천광역시 부평구 동수로 28, 101호 (부평동, 샬렛주상상가)",약국 내
500,부평구,정문약국,인천광역시 부평구 부평대로 171-5 (청천동),약국 내
501,부평구,경인약국,인천광역시 부평구 주부토로 114 (부평동),약국 내
502,부평구,오렌지약국,인천광역시 부평구 후정동로 35 (삼산동),약국 내
503,부평구,미래약국,인천광역시 부평구 부평대로17번길 2 (부평동),약국 내
504,부평구,소망약국,"인천광역시 부평구 열우물로 45, 103호 (십정동, 삼정빌딩)",약국 내
505,부평구,늘희망약국,인천광역시 부평구 일신로14번길 34 (일신동),약국 내
506,부평구,나눔약국,"인천광역시 부평구 길주로 633, 104호, 105호 (삼산동, 삼산메디캐슬)",약국 내
507,부평구,엘림약국,"인천광역시 부평구 길주로 635, 107호 (삼산동, 엘림타워)",약국 내
508,부평구,솔로몬약국,인천광역시 부평구 경원대로 1238 (산곡동),약국 내
509,부평구,부평우리약국,인천광역시 부평구 장제로 74 (부평동),약국 내
510,부평구,아이사랑약국,인천광역시 부평구 동수천로 112 (부개동),약국 내
511,부평구,하나로약국,"인천광역시 부평구 경원대로 1436, 1층 (부평동)",약국 내
512,부평구,강약국,"인천광역시 부평구 수변로 333 (삼산동, 삼산타운주공아파트상가 204호)",약국 내
513,부평구,삼산약국,"인천광역시 부평구 체육관로 40, 107호 (삼산동, 신영프라자)",약국 내
514,부평구,부평자애약국,인천광역시 부평구 동수로 50 (부평동),약국 내
515,부평구,휴약국,"인천광역시 부평구 마장로242번길 19 (산곡동, 113호)",약국 내
516,부평구,미금약국,"인천광역시 부평구 부흥로 414, 103-1호 (부개동, 모아빌딩)",약국 내
517,부평구,풍산원약국,"인천광역시 부평구 마장로 446, 1층 (청천동)",약국 내
518,부평구,푸른건강약국,인천광역시 부평구 마장로 156 (산곡동),약국 내
519,부평구,부평조은약국,"인천광역시 부평구 부평대로 6, 102호 (부평동, 대신플라자)",약국 내
520,부평구,무구팜코끼리약국,인천광역시 부평구 동수로 55 (부평동),약국 내
521,부평구,오가약국,"인천광역시 부평구 동수로 61, 113호 (부평동)",약국 내
522,부평구,건강한약국,"인천광역시 부평구 동암남로 4, 103호 (십정동, 리치프라자)",약국 내
523,부평구,봄빛약국,"인천광역시 부평구 마장로 320, 101호 (산곡동, 한화프라자)",약국 내
524,부평구,사랑약국,인천광역시 부평구 경인로 883 (부평동),약국 내
525,부평구,솔약국,인천광역시 부평구 주부토로 261 (갈산동),약국 내
526,부평구,하늘약국,인천광역시 부평구 부평북로 446 (삼산동),약국 내
527,부평구,우정약국,인천광역시 부평구 부평문화로 100-1 (부평동),약국 내
528,부평구,동암프라자약국,인천광역시 부평구 열우물로 50 (십정동),약국 내
529,부평구,포도나무약국,"인천광역시 부평구 부평문화로 55, 103호 (부평동, YD타워)",약국 내
530,부평구,부평하나로약국,인천광역시 부평구 동수북로158번길 3 (부평동),약국 내
531,부평구,삼산대한약국,인천광역시 부평구 충선로 313 (삼산동),약국 내
532,부평구,호산나약국,"인천광역시 부평구 안남로222번길 27, 4층 (산곡동, 경남종합상가)",약국 내
533,부평구,열린약국,인천광역시 부평구 열우물로 54 (십정동),약국 내
534,부평구,전방메디칼약국,"인천광역시 부평구 안남로 261, 102호, 117호 (산곡동, 전방프라자)",약국 내
535,부평구,한사랑약국,"인천광역시 부평구 부흥로294번길 4, 101호 (부평동, 추인타워)",약국 내
536,부평구,현대메디칼약국,인천광역시 부평구 경원대로 1242 (산곡동),약국 내
537,부평구,성모약국,"인천광역시 부평구 안남로 5, 1층 (부평동)",약국 내
538,부평구,사랑나누리약국,인천광역시 부평구 장제로 154 (부평동),약국 내
539,부평구,새시장약국,인천광역시 부평구 시장로51번길 27 (부평동),약국 내
540,부평구,메디팜큰사랑약국,"인천광역시 부평구 경원대로 1236 (산곡동, 선현빌딩)",약국 내
541,부평구,부평시장약국,인천광역시 부평구 시장로 55 (부평동),약국 내
542,부평구,다정한약국,"인천광역시 부평구 수변로 74, 102호 (부개동, 삼성타운)",약국 내
543,부평구,메디칼제일약국,인천광역시 부평구 충선로 174 (부개동),약국 내
544,부평구,건강약국,인천광역시 부평구 부영로 165 (산곡동),약국 내
545,부평구,영광약국,"인천광역시 부평구 마장로 310, 101호 (산곡동, 롯데프라자)",약국 내
546,부평구,중앙온누리약국,인천광역시 부평구 부평대로 11 (부평동),약국 내
547,부평구,21세기맑은약국,"인천광역시 부평구 길주로 623, 지하2층 (삼산동)",약국 내
548,부평구,은행약국,인천광역시 부평구 마장로242번길 5 (산곡동),약국 내
549,부평구,성모메디칼약국,인천광역시 부평구 동수로 49-2 (부평동),약국 내
550,부평구,일신약국,인천광역시 부평구 일신로14번길 10 (일신동),약국 내
551,부평구,명성온누리약국,"인천광역시 부평구 체육관로 14, 309호 (삼산동)",약국 내
552,부평구,소원약국,인천광역시 부평구 경원대로 1355 (부평동),약국 내
553,부평구,부평온누리약국,"인천광역시 부평구 부평대로 90, 여산빌딩, 101호 일부 (부평동)",약국 내
554,부평구,한아름온누리약국,"인천광역시 부평구 세월천로 16, 101호 (청천동, 대우2차상가)",약국 내
555,부평구,예스약국,인천광역시 부평구 경원대로 1234 (산곡동),약국 내
556,부평구,희망약국,"인천광역시 부평구 마장로 296, 3층 (산곡동)",약국 내
557,부평구,드림약국,"인천광역시 부평구 체육관로 38, 303호 (삼산동, 세원빌딩)",약국 내
558,부평구,우리들약국,"인천광역시 부평구 부흥로 245, 101호 (부평동)",약국 내
559,부평구,솔미약국,인천광역시 부평구 장제로 178 (부평동),약국 내
560,부평구,메디칼정문약국,인천광역시 부평구 동수로 57 (부평동),약국 내
561,부평구,전원약국,"인천광역시 부평구 후정동로 21, 1층 (삼산동, 화령빌딩)",약국 내
562,부평구,미소약국,인천광역시 부평구 안남로222번길 27 (산곡동),약국 내
563,부평구,행복한온누리약국,인천광역시 부평구 동수로 54 (부평동),약국 내
564,부평구,새은혜약국,인천광역시 부평구 부흥로 285 (부평동),약국 내
565,부평구,우수약국,인천광역시 부평구 부개로 9 (부개동),약국 내
566,부평구,부평그랜드약국,인천광역시 부평구 경원대로 1286 (부평동),약국 내
567,부평구,참좋은약국,인천광역시 부평구 마장로 383 (산곡동),약국 내
568,부평구,테루파약국,"인천광역시 부평구 영성서로 37, 104호 (삼산동)",약국 내
569,부평구,해맑은약국,인천광역시 부평구 경원대로1130번길 29 (십정동),약국 내
570,부평구,중앙약국,인천광역시 부평구 무네미로 453 (구산동),약국 내
571,부평구,청솔약국,인천광역시 부평구 마장로 462 (청천동),약국 내
572,부평구,종로약국,인천광역시 부평구 부평대로 36-1 (부평동),약국 내
573,부평구,한울약국,인천광역시 부평구 경인로1104번길 23 (일신동),약국 내
574,부평구,환도약국,인천광역시 부평구 충선로 21 (부평동),약국 내
575,부평구,동암온누리약국,"인천광역시 부평구 열우물로 90, F동 111호 (십정동, 더샵부평센트럴시티)",약국 내
576,부평구,다인약국,"인천광역시 부평구 수변로 8, 106호 (부개동, 파워프라자)",약국 내
577,부평구,동광약국,인천광역시 부평구 부흥로 314-1 (부평동),약국 내
578,부평구,정다운약국,"인천광역시 부평구 장제로 27, 1층 (부평동, 해마루상가)",약국 내
579,부평구,튼튼드림약국,인천광역시 부평구 후정동로 35 (삼산동),약국 내
580,부평구,대추밭약국,"인천광역시 부평구 길주남로 158, 부개프라자 105호 (부개동)",약국 내
581,부평구,건강사랑약국,인천광역시 부평구 경원대로 1266 (부평동),약국 내
582,부평구,최병원약국,인천광역시 부평구 원적로 392 (산곡동),약국 내
583,부평구,동서약국,인천광역시 부평구 부흥로304번길 42 (부평동),약국 내
584,부평구,그린팜약국,인천광역시 부평구 원적로300번길 4 (산곡동),약국 내
585,부평구,자연약국,"인천광역시 부평구 부평대로 59, 102호 (부평동, 성창빌딩)",약국 내
586,부평구,이화약국,인천광역시 부평구 마장로 435 (청천동),약국 내
587,부평구,맑은샘약국,"인천광역시 부평구 마장로 287, 1층 (산곡동, 한양프라자)",약국 내
588,부평구,가나메디칼약국,"인천광역시 부평구 부평대로 24, 1층 (부평동, 가나베스트텔)",약국 내
589,부평구,백제약국,인천광역시 부평구 부흥로365번길 3 (부평동),약국 내
590,부평구,한마을약국,인천광역시 부평구 광장로 16 (부평동),약국 내
591,부평구,대우약국,인천광역시 부평구 평천로 306 (갈산동),약국 내
592,부평구,굿모닝약국,인천광역시 부평구 굴포로 42 (갈산동),약국 내
593,부평구,메디팜우리들약국,"인천광역시 부평구 부평북로 442, 105호 (삼산동, 삼산프라자)",약국 내
594,부평구,삼릉약국,인천광역시 부평구 경인로879번길 8 (부평동),약국 내
595,부평구,옵티마삼산제일약국,"인천광역시 부평구 후정동로 12, 105,108호 (삼산동)",약국 내
596,부평구,남부온누리약국,인천광역시 부평구 동암남로 10 (십정동),약국 내
597,부평구,아름약국,인천광역시 부평구 경인로1104번길 14-2 (부개동),약국 내
598,부평구,단비약국,인천광역시 부평구 부평대로64번길 1 (부평동),약국 내
599,부평구,연세약국,"인천광역시 부평구 부흥로123번길 43, 1층 (산곡동, 진흥빌딩)",약국 내
600,부평구,옵티마부평성모약국,인천광역시 부평구 육동로 2 (부평동),약국 내
601,부평구,인과원약국,인천광역시 부평구 경인로1104번길 6 (부개동),약국 내
602,부평구,부개약국,인천광역시 부평구 경인로 1076 (부개동),약국 내
603,부평구,벧엘약국,인천광역시 부평구 경인로701번길 58 (십정동),약국 내
604,부평구,속편한약국,인천광역시 부평구 길주로508번길 25 (청천동),약국 내
605,부평구,성민약국,인천광역시 부평구 주부토로 262 (갈산동),약국 내
606,부평구,십정시장약국,인천광역시 부평구 배곶로 63 (십정동),약국 내
607,부평구,차승은약국,인천광역시 부평구 굴포로 42 (갈산동),약국 내
608,부평구,청약국,인천광역시 부평구 주부토로 182 (갈산동),약국 내
609,부평구,신세계약국,인천광역시 부평구 경인로1118번길 14-7 (일신동),약국 내
610,부평구,동의그린약국,인천광역시 부평구 영성로 34 (삼산동),약국 내
611,부평구,세민약국,인천광역시 부평구 수변로 64 (부개동),약국 내
612,부평구,자애약국,인천광역시 부평구 동수로128번길 17-4 (부개동),약국 내
613,부평구,경민약국,"인천광역시 부평구 원적로416번길 20, 한신산곡상가동 101호 (산곡동, 부평산곡한신아파트)",약국 내
614,부평구,뉴백세약국,"인천광역시 부평구 부평대로 89, 1층 (부평동, 세정빌딩)",약국 내
615,부평구,새한약국,인천광역시 부평구 부흥로 247 (부평동),약국 내
616,부평구,백세약국,인천광역시 부평구 부평대로87번길 4 (부평동),약국 내
617,부평구,길목옵티마약국,인천광역시 부평구 길주남로101번길 4-20 (부개동),약국 내
618,부평구,수정약국,인천광역시 부평구 원적로 290 (산곡동),약국 내
619,부평구,위민약국,"인천광역시 부평구 세월천로 77, 1층 (산곡동)",약국 내
620,부평구,금호옵티마약국,인천광역시 부평구 안남로 272 (청천동),약국 내
621,부평구,용한약국,인천광역시 부평구 열우물로50번길 9-2 (십정동),약국 내
622,부평구,수제약국,인천광역시 부평구 동수로 125 (부개동),약국 내
623,부평구,평화약국,"인천광역시 부평구 동수로120번길 11, 101호 (부개동, 한국상가)",약국 내
624,부평구,십자메디칼약국,"인천광역시 부평구 청중로 65, 1층 105호 (청천동)",약국 내
625,부평구,삼천당약국,인천광역시 부평구 시장로 35-2 (부평동),약국 내
626,부평구,십정약국,인천광역시 부평구 배곶남로9번길 22 (십정동),약국 내
627,부평구,부부약국,인천광역시 부평구 경인로 943 (부평동),약국 내
628,부평구,동대약국,인천광역시 부평구 부평대로 114 (부평동),약국 내
629,부평구,동민약국,인천광역시 부평구 부흥로 408 (부개동),약국 내
630,부평구,대한약국,인천광역시 부평구 부평대로 44 (부평동),약국 내
631,부평구,서울당약국,인천광역시 부평구 부평북로 159 (청천동),약국 내
632,부평구,일광온누리약국,인천광역시 부평구 부평문화로 99 (부평동),약국 내
633,계양구,계양구보건소,인천광역시 계양구 계산새로 88,보건소 1층 민원실
634,계양구,계양구보건소,인천광역시 계양구 계산새로 88,보건소 2층 감염병관리과
635,계양구,장기보건지소,인천광역시 계양구 장기서로9(장기동),보건지소 1층 민원실
636,계양구,온누리건강백화점약국,계양구 계양문화로 96,약국 내
637,계양구,굿모닝약국,계양구 장제로 912,약국 내
638,계양구,동양약국,계양구 동양로 103,약국 내
639,계양구,고려원약국,계양구 경명대로 1074,약국 내
640,계양구,태평양약국,계양구 계양대로 149,약국 내
641,계양구,작전메디칼약국,계양구 게양대로 85,약국 내
642,계양구,우리팜약국,계양구 게양대로 53,약국 내
643,계양구,명문약국,계양구 아나지로 191,약국 내
644,계양구,유원약국,계양구 장제로 718,약국 내
645,계양구,열린대학약국,계양구 장제로 728,약국 내
646,계양구,판도라계양메디칼약국,계양구 오조산로7번길 6-14,약국 내
647,계양구,계산프라자약국,계양구 용종로 2,약국 내
648,계양구,계양1동주민센터,계양구 장기서로8,센터 내
649,계양구,계양2동행정복지센터,계양구 장제로 916 3층,센터 내
650,계양구,계양3동 행정복지센터,계양구 양지로 31,센터 내
651,계양구,계산1동행정복지센터,계양구 향교로 24,센터 내
652,계양구,계산2동행정복지센터,계양구 주부토로 559,센터 내
653,계양구,계산3동행정복지센터,계양구 계산새로7,센터 내
654,계양구,계산4동행정복지센터,계양구 용종로 12-8,센터 내
655,계양구,효성1동주민센터,계양구 봉오대로569번길 22,센터 내
656,계양구,효성2동주민센터,계양구 아나지로 162,센터 내
657,계양구,작전1동행정복지센터,계양구 봉오대로 727,센터 내
658,계양구,작전2동행정복지센터,계양구 봉오대로 677번길 23,센터 내
659,계양구,작전서운동 행정복지센터,계양구 효서로 361,센터 내
660,서구,서구청(민원실),인천광역시 서구 서곶로 307 (심곡동),청사 내 1층
661,서구,서구보건소(1층),인천광역시 서구 탁옥로 39 (심곡동),보건소 내 1층
662,서구,서구치매안심센터,"인천광역시 서구 봉오재3로94번길 11, 5층 (가정동)",치매센터 내
663,서구,정신건강복지센터,"인천광역시 서구 탁옥로 39, 4층 (심곡동)",정신건강복지센터 내
664,서구,완정건강생활지원센터,"인천광역시 서구 청마로167번길 19, 2층 (당하동)",건강생활지원센터 내
665,서구,석남건강생활지원센터,인천광역시 서구 길주로 79 (석남동),건강생활지원센터 내
666,서구,가좌건강생활지원센터,인천광역시 서구 건지로284번길 60 (가좌동),건강생활지원센터 내
667,서구,검단건강생활지원센터,인천광역시 서구 완정로 214 (금곡동),건강생활지원센터 내
668,서구,가정신현원창건강생활지원센터,인천광역시 서구 가정동 490-13,건강생활지원센터 내
669,서구,가재울건강생활지원센터,인천광역시 서구 여우재로82번길 9 (가좌동),건강생활지원센터 내
670,서구,검단출장소,인천광역시 서구 검단로502번길 15 (마전동),출장소 내
671,서구,검암경서동 행정복지센터,인천광역시 서구 승학로 480 (검암동),행정복지센터 민원실 내
672,서구,연희동 행정복지센터,인천광역시 서구 간촌로 12 (연희동),행정복지센터 민원실 내
673,서구,청라1동 행정복지센터,인천광역시 서구 청라라임로 58 (청라동),행정복지센터 민원실 내
674,서구,청라2동 행정복지센터,인천광역시 서구 청라커낼로 269 (청라동),행정복지센터 민원실 내
675,서구,청라3동 행정복지센터,인천광역시 서구 청라한내로 89 (청라동),행정복지센터 민원실 내
676,서구,가정1동 행정복지센터,인천광역시 서구 가정로406번길 25 (가정동),행정복지센터 민원실 내
677,서구,가정2동 행정복지센터,인천광역시 서구 서곶로 100 (가정동),행정복지센터 민원실 내
678,서구,가정3동 행정복지센터,인천광역시 서구 서달로179번길 12-16 (가정동),행정복지센터 민원실 내
679,서구,신현원창동 행정복지센터,인천광역시 서구 가정로335번길 3 (신현동),행정복지센터 민원실 내
680,서구,석남1동 행정복지센터,인천광역시 서구 가정로294번길 17 (석남동),행정복지센터 민원실 내
681,서구,석남2동 행정복지센터,인천광역시 서구 거북로 116 (석남동),행정복지센터 민원실 내
682,서구,석남3동 행정복지센터,인천광역시 서구 서달로 107 (석남동),행정복지센터 민원실 내
683,서구,가좌1동 행정복지센터,인천광역시 서구 가정로112번길 10 (가좌동),행정복지센터 민원실 내
684,서구,가좌2동 행정복지센터,인천광역시 서구 장고개로309번길 4 (가좌동),행정복지센터 민원실 내
685,서구,가좌3동 행정복지센터,인천광역시 서구 원적로57번길 4 (가좌동),행정복지센터 민원실 내
686,서구,가좌4동 행정복지센터,인천광역시 서구 장고개로280번길 14 (가좌동),행정복지센터 민원실 내
687,서구,검단동 행정복지센터,인천광역시 서구 검단로529번길 14 (마전동),행정복지센터 민원실 내
688,서구,불로대곡동 행정복지센터,인천광역시 서구 검단로 814 (불로동),행정복지센터 민원실 내
689,서구,원당동 행정복지센터,인천광역시 서구 고산로 24 (원당동),행정복지센터 민원실 내
690,서구,당하동 행정복지센터,인천광역시 서구 청마로167번길 19 (당하동),행정복지센터 민원실 내
691,서구,오류왕길동 행정복지센터,인천광역시 서구 봉화로 42 (왕길동),행정복지센터 민원실 내
692,서구,마전동 행정복지센터,인천광역시 서구 완정로10번길 14 (마전동),행정복지센터 민원실 내
693,서구,아라동 행정복지센터,인천광역시 서구 바리미로 23 솔보프라자 4층 (원당동),행정복지센터 민원실 내
694,서구,가온약국,"인천광역시 서구 봉오재3로 90, 한일골드타워 (가정동)",약국 내부
695,서구,가정미소약국,"인천광역시 서구 봉오재3로 42, 102호 (가정동)",약국 내부
696,서구,가정온누리약국,"인천광역시 서구 청중로 486, 105호 (가정동, 부일프라자)",약국 내부
697,서구,가좌마트약국,"인천광역시 서구 가정로151번길 11, 2층 (가좌동)",약국 내부
698,서구,가좌메디칼약국,인천광역시 서구 원적로96번길 26 (가좌동),약국 내부
699,서구,가좌약국,인천광역시 서구 건지로318번길 32 (가좌동),약국 내부
700,서구,거북시장약국,인천광역시 서구 거북로 97 (석남동),약국 내부
701,서구,건강희망약국,"인천광역시 서구 완정로 153, 이레메디칼센타 101호 ,102호 (왕길동)",약국 내부
702,서구,건지약국,"인천광역시 서구 신진말로 30, 1층 (가좌동, 쌍용체육관)",약국 내부
703,서구,검단마트약국,인천광역시 서구 서곶로 754 (당하동),약국 내부
704,서구,검단미래안약국,"인천광역시 서구 검단로 469, 101호 (왕길동)",약국 내부
705,서구,검단온누리약국,"인천광역시 서구 완정로 18, 한윤메디칼 104호 (마전동)",약국 내부
706,서구,검단제일약국,"인천광역시 서구 완정로 197, 103,104호 (왕길동)",약국 내부
707,서구,검단튼튼약국,"인천광역시 서구 청마로19번길 20, 103호 (당하동)",약국 내부
708,서구,경서메디칼약국,"인천광역시 서구 도요지로 22, 103호 (경서동, 대영프라자)",약국 내부
709,서구,경희기경한약국,"인천광역시 서구 고산후로 148, 1층 일부호 (원당동)",약국 내부
710,서구,굿모닝약국,인천광역시 서구 가정로 364-1 (가정동),약국 내부
711,서구,굿윌드림약국,인천광역시 서구 원적로 103 (가좌동),약국 내부
712,서구,그랜드약국,인천광역시 서구 가정로 308 (석남동),약국 내부
713,서구,그린약국,인천광역시 서구 탁옥로 45 (심곡동),약국 내부
714,서구,그린온누리약국,"인천광역시 서구 완정로 187, 103호 (왕길동, 마전메디칼센타)",약국 내부
715,서구,녹십자약국,"인천광역시 서구 서곶로 293, 1층 (심곡동)",약국 내부
716,서구,누리약국,"인천광역시 서구 검단로445번길 18, 107-1호 (왕길동, SM프라자)",약국 내부
717,서구,늘건강온누리약국,"인천광역시 서구 승학로 491, 105호 (검암동)",약국 내부
718,서구,늘봄약국,"인천광역시 서구 길주로136번길 32-1, 1층 (석남동)",약국 내부
719,서구,단오약국,"인천광역시 서구 완정로178번길 31 (마전동, 목화아파트)",약국 내부
720,서구,당하메디칼약국,인천광역시 서구 청마로 163 (당하동),약국 내부
721,서구,당하백화점약국,"인천광역시 서구 청마로167번길 8 (당하동, 강남프라자빌딩 106호)",약국 내부
722,서구,대학약국,인천광역시 서구 새오개로 37 (석남동),약국 내부
723,서구,동아메디칼약국,인천광역시 서구 원적로 85 (가좌동),약국 내부
724,서구,동안약국,"인천광역시 서구 승학로 567, 101호 (검암동)",약국 내부
725,서구,드림약국,"인천광역시 서구 승학로 498, 108호 (검암동, 서해프라자)",약국 내부
726,서구,딸기약국,"인천광역시 서구 건지로 402, 402동 105호 (가좌동, 가좌한신휴플러스)",약국 내부
727,서구,마전메디칼약국,인천광역시 서구 완정로 187 (왕길동),약국 내부
728,서구,맑은약국,인천광역시 서구 명가골로 37 (석남동),약국 내부
729,서구,메디안약국,"인천광역시 서구 검단로623번길 4, 105호 (마전동, 세창프라자)",약국 내부
730,서구,메디탑약국,"인천광역시 서구 청마로19번길 9, 101호 (당하동)",약국 내부
731,서구,메디팜성모약국,인천광역시 서구 원적로 29 (가좌동),약국 내부
732,서구,메디팜약수약국,인천광역시 서구 서달로123번길 3 (석남동),약국 내부
733,서구,메디팜우리들약국,"인천광역시 서구 완정로 187, 마전메디칼센타 101호 (왕길동)",약국 내부
734,서구,명문약국,"인천광역시 서구 봉오재3로 44, 101호 (가정동, 명문프라자)",약국 내부
735,서구,명성약국,인천광역시 서구 신진말로 37-1 (가좌동),약국 내부
736,서구,미소약국,"인천광역시 서구 원당대로 841 (원당동, 골든벨프라자)",약국 내부
737,서구,미소탑약국,"인천광역시 서구 청마로 17, 준성빌딩 104, 105호 (당하동)",약국 내부
738,서구,미약국,"인천광역시 서구 고산후로95번길 20, 108호, 109호 (당하동, 힘찬프라자)",약국 내부
739,서구,백제당약국,"인천광역시 서구 연희로 12, 1층 (연희동)",약국 내부
740,서구,백제약국,"인천광역시 서구 검단로 480 (왕길동, 검단리치웰프라자)",약국 내부
741,서구,보건약국,"인천광역시 서구 거북로 104 (석남동, 한승빌딩)",약국 내부
742,서구,보성메디컬약국,"인천광역시 서구 완정로 179, 102호,103호 (왕길동, 제이원검단메디컬프라자)",약국 내부
743,서구,복지온누리약국,"인천광역시 서구 탁옥로 37, 1층 107호 (심곡동, 우리타워)",약국 내부
744,서구,비타민약국,"인천광역시 서구 가정로 375, 310호,311호 (신현동, 금강아미움)",약국 내부
745,서구,사랑온누리약국,"인천광역시 서구 검단로 500 (마전동, 플러스빌딩)",약국 내부
746,서구,사랑의약국,인천광역시 서구 원적로 96 (가좌동),약국 내부
747,서구,사랑탑약국,"인천광역시 서구 청마로19번길 3, 1층 (당하동, 드림빌딩)",약국 내부
748,서구,산들약국,"인천광역시 서구 검단로 474, 102호 (왕길동, 뷰비스타운)",약국 내부
749,서구,삼육오사랑약국,"인천광역시 서구 칠천왕로33번길 14, 1층 일부호 (석남동)",약국 내부
750,서구,새봄약국,"인천광역시 서구 탁옥로 49, 제스트프라자 404호 (심곡동)",약국 내부
751,서구,새연희약국,인천광역시 서구 서곶로 355-1 (연희동),약국 내부
752,서구,서광약국,"인천광역시 서구 원적로 100, 가좌로얄프라자 101, 102호 (가좌동)",약국 내부
753,서구,서울약국,"인천광역시 서구 검단로 836, 217호 (불로동, 월드상가)",약국 내부
754,서구,석남우리약국,인천광역시 서구 가정로 291 (석남동),약국 내부
755,서구,성누가약국,"인천광역시 서구 탁옥로 55, SM스카이빌 (심곡동)",약국 내부
756,서구,성모사랑약국,인천광역시 서구 심곡로100번길 15 (심곡동),약국 내부
757,서구,성민대학약국,"인천광역시 서구 길주로75번길 35, 1층 (석남동)",약국 내부
758,서구,성민메디칼약국,인천광역시 서구 신석로 68 (석남동),약국 내부
759,서구,성심메디팜약국,인천광역시 서구 원적로 100 (가좌동),약국 내부
760,서구,성심약국,"인천광역시 서구 검단로768번1길 4, 1층 (불로동, 세인빌딩)",약국 내부
761,서구,성호약국,"인천광역시 서구 원적로 85, 310호 (가좌동, 우신프라자)",약국 내부
762,서구,수약국,"인천광역시 서구 완정로 70, 211호 (마전동, 영남탑스빌아파트 상가)",약국 내부
763,서구,신현프라자약국,인천광역시 서구 율도로 55 (신현동),약국 내부
764,서구,에버그린약국,"인천광역시 서구 건지로 371, 1층 1호 (가좌동)",약국 내부
765,서구,연세약국,"인천광역시 서구 승학로 577, 111호 (검암동, 장은프라자)",약국 내부
766,서구,연세온누리약국,"인천광역시 서구 승학로 321, 1층 (연희동)",약국 내부
767,서구,연희연세약국,"인천광역시 서구 서곶로369번길 24, 1층 (연희동)",약국 내부
768,서구,연희우리약국,인천광역시 서구 심곡로 24 (심곡동),약국 내부
769,서구,열린솔약국,"인천광역시 서구 검단로768번길 2, 105호 (불로동, 불로메디컬)",약국 내부
770,서구,열린약국,"인천광역시 서구 가정로 364, 1층 (가정동)",약국 내부
771,서구,열린온누리약국,"인천광역시 서구 단봉로 97-7, 108호 (오류동)",약국 내부
772,서구,오렌지약국,"인천광역시 서구 가정로 375, 104호 (신현동, 금강아미움상가)",약국 내부
773,서구,옥신온누리약국,인천광역시 서구 고래울로 29 (가좌동),약국 내부
774,서구,온누리이화약국,인천광역시 서구 거북로 115 (석남동),약국 내부
775,서구,올리브약국,"인천광역시 서구 원당대로 663, 한종프라자 103호 (마전동)",약국 내부
776,서구,옵티마정다운약국,인천광역시 서구 가정로 204 (석남동),약국 내부
777,서구,우리약국,"인천광역시 서구 서달로 159, 102호 (석남동)",약국 내부
778,서구,원광한약국,"인천광역시 서구 탁옥로98번길 1, 106호 (심곡동)",약국 내부
779,서구,원당연세약국,"인천광역시 서구 원당대로 866, 201호 (당하동, 세브란스빌딩)",약국 내부
780,서구,원당우리약국,"인천광역시 서구 원당대로 859, 107호 (원당동, 원당메디칼프라자)",약국 내부
781,서구,위드팜100세약국,"인천광역시 서구 완정로 35 (마전동, 대운프라자)",약국 내부
782,서구,이삭약국,"인천광역시 서구 율도로 62-1, 1층 (석남동)",약국 내부
783,서구,일화약국,"인천광역시 서구 장고개로337번길 16, 가좌한신 휴아파트 상가 408호 (가좌동)",약국 내부
784,서구,자생약국,인천광역시 서구 거북로 74-1 (석남동),약국 내부
785,서구,정다운온누리약국,"인천광역시 서구 가정로 398, 105호 (가정동, 서해프라자)",약국 내부
786,서구,정든약국,인천광역시 서구 가정로 124 (가좌동),약국 내부
787,서구,정성약국,"인천광역시 서구 가정로 201-1, 1층 (석남동, 두일빌딩)",약국 내부
788,서구,정온누리약국,"인천광역시 서구 건지로 264, 112, 113호 (가좌동)",약국 내부
789,서구,제일약국,"인천광역시 서구 심곡로 133, 대동상가동 1층 111호 (심곡동)",약국 내부
790,서구,조은나라약국,"인천광역시 서구 검단로 842, 206호 (불로동, 월드불로마트)",약국 내부
791,서구,조은약국,인천광역시 서구 거북로 98 (석남동),약국 내부
792,서구,중앙약국,인천광역시 서구 길주로75번길 36 (석남동),약국 내부
793,서구,즐거운약국,"인천광역시 서구 원당대로 581 (마전동, 롯데마트)",약국 내부
794,서구,착한약국,"인천광역시 서구 완정로 180, 1층 (마전동, 동화빌딩)",약국 내부
795,서구,참사랑약국,"인천광역시 서구 검단로 836, 212,213호 (불로동, 월드아파트 중앙상가)",약국 내부
796,서구,참조은약국,"인천광역시 서구 마전로5번길 22-1, 101호 (마전동)",약국 내부
797,서구,천사약국,인천광역시 서구 가정로 363 (신현동),약국 내부
798,서구,청우약국,인천광역시 서구 가정로 202 (석남동),약국 내부
799,서구,크린팜대학약국,"인천광역시 서구 심곡로100번길 17-5, 1층 (심곡동)",약국 내부
800,서구,토마토약국,"인천광역시 서구 심곡로100번길 17-3, 1~3층 (심곡동)",약국 내부
801,서구,편안한약국,인천광역시 서구 원적로27번길 11 (가좌동),약국 내부
802,서구,푸른건강약국,인천광역시 서구 가정로 370 (가정동),약국 내부
803,서구,푸른솔약국,"인천광역시 서구 고산후로95번길 32, 명진프라자 1층 102호 (당하동)",약국 내부
804,서구,푸른약국,인천광역시 서구 심곡로194번길 1 (공촌동),약국 내부
805,서구,프라자약국,"인천광역시 서구 원당대로 660, 1층 101-1호 (당하동)",약국 내부
806,서구,플러스약국,"인천광역시 서구 칠천왕로33번길 18, 1층 (석남동)",약국 내부
807,서구,하나약국,"인천광역시 서구 단봉로 107, 성우프라자 102호 (왕길동)",약국 내부
808,서구,하늘약국,"인천광역시 서구 가정로 372, 1층 일부호 (가정동)",약국 내부
809,서구,한결약국,인천광역시 서구 고래울로 4 (가좌동),약국 내부
810,서구,한국약국,인천광역시 서구 서달로163번길 9 (석남동),약국 내부
811,서구,한마음약국,"인천광역시 서구 원적로 85, 우신프라자 210호 (가좌동)",약국 내부
812,서구,한마음한약국,"인천광역시 서구 심곡로 79, 3층 (심곡동, 우정상가)",약국 내부
813,서구,한샘약국,"인천광역시 서구 원적로 29, 나동 4호 (가좌동, 한샘상가)",약국 내부
814,서구,한성메디칼약국,"인천광역시 서구 완정로 36, 1층 (마전동, 한성빌딩)",약국 내부
815,서구,한솔약국,"인천광역시 서구 가정로 382 (가정동, 새인천상가)",약국 내부
816,서구,함께약국,"인천광역시 서구 서곶로 823, 1층 (당하동)",약국 내부
817,서구,해봄약국,"인천광역시 서구 장고개로337번길 7, 103호 (가좌동)",약국 내부
818,서구,행복한약국,인천광역시 서구 가정로 213 (석남동),약국 내부
819,서구,행복한약국,"인천광역시 서구 승학로 497, 검암프라자 109호 (검암동)",약국 내부
820,서구,365아라약국,"인천광역시 서구 이음5로 30, 연세프라자9 106호 (원당동)",약국 내부
821,서구,365열린약국,"인천광역시 서구 청라라임로 51, 105호 (청라동, 청라 에일린의뜰)",약국 내부
822,서구,3층 조은약국,인천광역시 서구 청라한내로72번길 23 (청라동),약국 내부
823,서구,SK성모약국,"인천광역시 서구 가정로 437, 301동 B117호 (가정동, 루원시티 SK Leaders' VIEW)",약국 내부
824,서구,검단365약국,"인천광역시 서구 완정로178번길 1, 검단빌딩 102호 (마전동)",약국 내부
825,서구,검단보령약국,"인천광역시 서구 원당대로 1039, 태경타워 105,106호 (원당동)",약국 내부
826,서구,검단아라태평양약국,"인천광역시 서구 이음대로 378, 로뎀타워 1층 109~111호 (원당동)",약국 내부
827,서구,검단종로약국,"인천광역시 서구 이음5로 60, JS프라자 117, 118호 (원당동)",약국 내부
828,서구,금빛약국,"인천광역시 서구 중봉대로586번길 9-4, 쓰리엠타워 113호 (청라동)",약국 내부
829,서구,대명약국,"인천광역시 서구 청라라임로 71, 111호 (연희동, 진영메디피아)",약국 내부
830,서구,더사랑약국,"인천광역시 서구 가경주로40번길 20-10, 1호 (가정동)",약국 내부
831,서구,도담약국,"인천광역시 서구 청라루비로 93, 105호 (경서동, 루비타워)",약국 내부
832,서구,두리약국,"인천광역시 서구 청라커낼로260번길 11, 진성프라자 105호 일부, 106호 (청라동)",약국 내부
833,서구,루원서울약국,"인천광역시 서구 가정로 437, 301동 204호 (가정동, 루원시티 SK Leaders' VIEW)",약국 내부
834,서구,루원진약국,"인천광역시 서구 염곡로464번길 15, 106호 (가정동)",약국 내부
835,서구,루원참조은약국,"인천광역시 서구 가정로 406, A동 304호 (가정동, 루원지웰시티푸르지오)",약국 내부
836,서구,마음편한약국,"인천광역시 서구 청라루비로 95, 108호 (경서동, 경연프라자)",약국 내부
837,서구,메디피아약국,"인천광역시 서구 완정로 172, 109호 (마전동)",약국 내부
838,서구,바른약국,"인천광역시 서구 봉오재3로 40, 104호 (가정동)",약국 내부
839,서구,박하향약국,"인천광역시 서구 이음대로 392, 메트로시티 106,107호 (원당동)",약국 내부
840,서구,백주년약국,"인천광역시 서구 청라에메랄드로 78, 딜라이트타워 106호 (청라동)",약국 내부
841,서구,봄약국,"인천광역시 서구 중봉대로 588, 302-1호 (연희동, 청라센트럴프라자)",약국 내부
842,서구,불로스타약국,"인천광역시 서구 검단로 759, 103호 (불로동)",약국 내부
843,서구,블루팜약국,"인천광역시 서구 중봉대로 610, 105호 (청라동)",약국 내부
844,서구,새솔약국,"인천광역시 서구 가정로 280, 102호 (석남동)",약국 내부
845,서구,세란약국,"인천광역시 서구 가정로 388, KEB외환은행 1층 일부호 (가정동)",약국 내부
846,서구,시티약국,"인천광역시 서구 발산로 6, 아인시티 주차타워 113호 (원당동)",약국 내부
847,서구,연세드림약국,"인천광역시 서구 새오개로111번안길 32, 102호 (신현동)",약국 내부
848,서구,온누리중앙프라자약국,인천광역시 서구 서곶로 837 (당하동),약국 내부
849,서구,옵티마강남약국,"인천광역시 서구 청라에메랄드로 84, 딜라이트타워2 106호 (청라동)",약국 내부
850,서구,이도온누리약국,"인천광역시 서구 중봉대로 587, 지하2층 (경서동, 홈플러스 청라점)",약국 내부
851,서구,이야기약국,"인천광역시 서구 청라커낼로 252 (청라동, 청라 롯데캐슬)",약국 내부
852,서구,차약국,"인천광역시 서구 가정로 369, 1층 일부 (신현동)",약국 내부
853,서구,참약국,"인천광역시 서구 이음1로 383, 세중시그니쳐 101호 (원당동)",약국 내부
854,서구,청라미래약국,"인천광역시 서구 중봉대로 602, 1층 (청라동)",약국 내부
855,서구,청라바른약국,"인천광역시 서구 청라한내로161번길 3-5, 102호 (청라동)",약국 내부
856,서구,청라비젼약국,인천광역시 서구 중봉대로 594 (청라동),약국 내부
857,서구,청라온누리약국,"인천광역시 서구 청라에메랄드로102번길 8, 108호 (청라동, 우성메디피아)",약국 내부
858,서구,청라유명약국,"인천광역시 서구 청라라임로 65, 108호 (청라동, 라임타워)",약국 내부
859,서구,청라중앙약국,"인천광역시 서구 중봉대로 588, 104호 (청라동, 청라센트럴프라자)",약국 내부
860,서구,청라천사약국,"인천광역시 서구 청라커낼로288번길 10, 더스페이스타워 112호 (청라동)",약국 내부
861,서구,청라큰사랑약국,"인천광역시 서구 청라에메랄드로 79, B12, B13호 (청라동)",약국 내부
862,서구,태평양약국,"인천광역시 서구 푸른로 3, 104호 (경서동)",약국 내부
863,서구,튼튼한약국,"인천광역시 서구 이음대로 479, 104호 (당하동)",약국 내부
864,서구,하나온누리약국,"인천광역시 서구 가정로 309, 1층 (석남동)",약국 내부
865,서구,하동약국,인천광역시 서구 승학로483번길 18-6(검암동),약국 내부
866,서구,한사랑약국,인천광역시 서구 서곶로 281 (심곡동),약국 내부
867,서구,해미약국,"인천광역시 서구 가정로 123, 명성프라자 107호 (가좌동)",약국 내부
868,서구,행복온누리약국,"인천광역시 서구 솔빛로 24, 101, 102호 (청라동)",약국 내부
869,서구,호수약국,"인천광역시 서구 크리스탈로 78, 105호 (경서동, 엘림존)",약국 내부
870,서구,휴베이스퍼스트약국,"인천광역시 서구 이음5로 80, 108호 (원당동)",약국 내부
871,서구,희망약국,"인천광역시 서구 가정로 140, 103호 (가좌동)",약국 내부
872,서구,정서진 새마을금고 본점,인천 서구 율도로 84 새마을금고(석남동),새마을금고 내
873,서구,정서진 새마을금고 가정지점,인천 서구 청중로 486 부일프라자 (가정동),새마을금고 내
874,서구,정서진 새마을금고 신현지점,인천 서구 신현로 45(신현동),새마을금고 내
875,서구,정서진 새마을금고 루원시티 제1지점,인천 서구 가정동 493-1(가정동),새마을금고 내
876,서구,정서진 새마을금고 석남지점,인천 서구 옻우물로3(석남동),새마을금고 내
877,서구,정서진 새마을금고 청라지점,인천 서구 보석로 42(청라동),새마을금고 내
878,강화군,은화약국,인천광역시 강화군 강화대로 404번길 ,약국 내
879,강화군,강화종로약국,인천광역시 강화군 강화읍 강화대로 387,약국 내
880,강화군,하하약국,인천광역시 강화군 강화읍 강화대로 395(1층),
881,강화군,e-믿음약국,인천광역시 강화군 강화읍 강화대로 402,
882,강화군,재경약국,인천광역시 강화군 강화읍 강화대로 412,약국 내
883,강화군,감초약국,인천광역시 강화군 강화읍 강화대로 431,약국 내
884,강화군,진약국,인천광역시 강화군 강화읍 동문안길 6,약국 내
885,강화군,다나약국,인천광역시 강화군 강화읍 동문안길 9-1,
886,강화군,신세계약국,인천광역시 강화군 강화읍 중앙로 23,약국 내
887,강화군,이화약국,인천광역시 강화군 강화읍 중앙로 27,약국 내
888,강화군,강화약국,인천광역시 강화군 강화읍 중앙로 43,약국 내
889,강화군,메디팜조은약국,인천광역시 강화군 강화읍 중앙로 45,약국 내
890,강화군,큰샘온누리약국,인천광역시 강화군 강화읍 중앙로 9,약국 내
891,강화군,강화정문약국,인천광역시 강화군 강화읍 충렬사로 25,
892,강화군,남산약국,인천광역시 강화군 강화읍 충렬사로 26,약국 내
893,강화군,전등약국,인천광역시 강화군 길상면 온수길 23,약국 내
894,강화군,유신약국,인천광역시 강화군 길상면 온수길36번길 2,
895,강화군,부흥생명약국,인천광역시 강화군 내가면  강화서로 223,약국 내
896,강화군,바다약국,인천광역시 강화군 내가면 중앙로 1312,
897,강화군,세광약국,인천광역시 강화군 선원면 중앙로 259,
898,강화군,화도약국,인천광역시 강화군 화도면 마니산로 728,약국 내
899,강화군,강화군보건소,인천광역시 강화군 강화읍 충렬사로 26-1,민원실
900,강화군,선원보건지소,인천광역시 강화군 선원면 연동로 324 ,대기실
901,강화군,불은보건지소,인천광역시 강화군 불은면 강화동로 562-3,대기실
902,강화군,길상보건지소,인천광역시 강화군 길상면 강화동로 15-1,대기실
903,강화군,화도보건지소,인천광역시 강화군 화도면 마니산로 703-14,대기실
904,강화군,양도보건지소,인천광역시 강화군 양도면 강화남로 708-1,대기실
905,강화군,내가보건지소,인천광역시 강화군 내가면 강화서로 249,대기실
906,강화군,하점보건지소,인천광역시 강화군 하점면 강화대로 1220,대기실
907,강화군,양사보건지소,인천광역시 강화군  양사면 전망대로 1295-7,대기실
908,강화군,송해보건지소,인천광역시 강화군 송해면 전망대로 29,대기실
909,강화군,교동보건지소,인천광역시 강화군 교동면 교동동로 485-13,대기실
910,강화군,삼산보건지소,인천광역시 강화군 삼산면 삼산북로 439,대기실
911,강화군,주문보건지소,인천광역시 강화군 서도면 주문도1길 16,대기실
912,강화군,볼음보건지소,인천광역시 강화군 서도면 볼음도길 174 ,대기실
913,강화군,연리보건진료소,인천광역시 강화군 선원면 연동로73번길 47,대기실
914,강화군,오두리보건진료소 ,인천광역시 강화군 불은면 불은남로 293-1,대기실
915,강화군,건평보건진료소,인천광역시 강화군 양도면 건평로155번길 41,대기실
916,강화군,흥왕보건진료소,인천광역시 강화군 화도면 해안남로 1950,대기실
917,강화군,황청보건진료소,인천광역시 강화군 내가면 황청리 179-49,대기실
918,강화군,신삼보건진료소,인천광역시 강화군 하점면 고려산로 506-2,대기실
919,강화군,인화보건진료소,인천광역시 강화군 양사면 서사길105번길 47 ,대기실
920,강화군,매음보건진료소,인천광역시 강화군 삼산면 삼산남로 498-8 ,대기실
921,강화군,하리보건진료소,인천광역시 강화군 삼산면 삼산북로 790,대기실
922,강화군,서검보건진료소,인천광역시 강화군 삼산면 서검길153번길 8,대기실
923,강화군,상용보건진료소,인천광역시 강화군 교동면 교동동로 208-3 ,대기실
924,강화군,난정보건진료소,인천광역시 강화군 교동면 교동서로378번길 56-28,대기실
925,강화군,삼선보건진료소,인천광역시 강화군 교동면 교동북로 220,대기실
926,옹진군,옹진군보건소,인천시 미추홀구 매소홀로 120,보건소 민원실 
927,강화군,보배약국,인천광역시 강화군 강화읍 중앙로 17-9,
928,강화군,교동약국,인천광역시 강화군 교동면 대룡안길 54-62,
929,강화군,강화건강약국,인천광역시 강화군 강화읍 강화대로312번길 12,약국 내
930,강화군,서울약국,인천광역시 강화군 강화읍 강화대로404번길 4,약국 내
931,옹진군,옹진군보건소,인천시 미추홀구 매소홀로 120,보건소 민원실 
